duration_s,n_caller,n_agent,turn_caller_mean,turn_caller_std,turn_caller_cv,caller_speech_ratio,agent_speech_ratio,barge_in,barge_rate,agent_barge,overlap_s,overlap_rate,lat_mean,lat_med,lat_p90,lat_std,first_latency,silence_fill,silence_fill_rate,caller_gap_mean,ac_zcr,ac_flatness,ac_centroid,ac_rms_cv,ac_f0_std,anon_id,label,split,view
170.22,17.0,20.0,2.6400000000000006,3.055286642949929,1.1573055465719426,0.26365879450123375,0.4207496181412285,0.0,0.0,0.0,0.0,0.0,4.279999999999999,3.519999999999996,6.296000000000001,1.8963494341683416,2.84,0.0,0.0,5.555,0.12281956162708861,0.2816752349646125,0.19160950820166095,1.26569402217865,56.424182669198444,call_0181ce113ebe,synthetic,train,vad
128.22,18.0,16.0,2.205555555555555,4.186118889618961,1.8979884134292526,0.30962408360630156,0.44610825144283234,4.0,0.2222222222222222,0.0,3.4399999999999977,0.026828887849009497,5.634444444444444,3.7300000000000013,12.673999999999998,4.542176695792717,2.2399999999999984,0.0,0.0,3.2847058823529416,0.14270452931629135,0.31993023169584484,0.22058406220036259,0.9418773651123047,40.1850127926299,call_018c9d3823ac,synthetic,train,vad
215.9,11.0,23.0,6.6054545454545455,5.91319689513728,0.8951990895473448,0.336544696618805,0.40481704492820747,1.0,0.09090909090909091,0.0,0.5999999999999943,0.0027790643816581486,4.510909090909092,4.0400000000000205,6.700000000000003,2.1536162169517024,4.0,0.0,0.0,13.09,0.13287353695249868,0.24029118039577999,0.20103404556916896,0.905945897102356,35.11124209698656,call_01bf49059daf,synthetic,train,vad
149.12,10.0,21.0,2.418,2.4714441122550195,1.0221026105273032,0.16215128755364805,0.4967811158798282,0.0,0.0,0.0,0.0,0.0,3.164000000000001,2.710000000000001,4.511999999999992,0.9501494619269092,2.9800000000000004,0.0,0.0,10.122222222222224,0.21156837346733878,0.3090868703611789,0.28209551080636197,0.8573908805847168,64.17335131619785,call_01c3806808d6,synthetic,train,vad
108.78,15.0,19.0,1.1773333333333338,1.1040982242938753,0.9377957737490443,0.1623460194888767,0.5193969479683764,6.0,0.4,0.0,3.2000000000000064,0.02941717227431519,2.0506666666666673,2.039999999999999,2.5440000000000014,0.5771131219748488,1.8399999999999999,1.0,0.06666666666666667,5.621428571428572,0.16531692272626908,0.3168381722244893,0.23528799391856897,0.7881767749786377,42.79727130903751,call_0294f969f98b,synthetic,val,vad
145.94,17.0,26.0,1.614117647058825,1.3312491207333386,0.8247534640111784,0.188022474989722,0.49116075099355866,3.0,0.17647058823529413,2.0,2.279999999999987,0.015622858709058428,2.8105882352941167,2.519999999999996,4.196000000000001,0.7374077855668015,3.1599999999999993,2.0,0.11764705882352941,6.677499999999998,0.11322588334525185,0.23869926592768015,0.17003635163455805,0.8255548477172852,40.594979460616415,call_02c249d2f89d,synthetic,train,vad
146.66,12.0,14.0,2.975000000000001,2.0553203318866538,0.6908639771047573,0.24342015546161197,0.43815627983090144,0.0,0.0,0.0,0.0,0.0,4.673333333333333,3.5500000000000007,7.487999999999999,2.602631147298612,4.9,0.0,0.0,8.87090909090909,0.16302168666208622,0.2783288734877808,0.23149224919925626,0.9082615375518799,38.80492326226841,call_02d28871d7b3,synthetic,train,vad
173.84,19.0,12.0,3.750526315789473,4.367031357900515,1.1643782739280073,0.40991716520938787,0.37885411872986663,1.0,0.05263157894736842,1.0,0.980000000000004,0.005637367694431684,6.754736842105265,3.459999999999999,18.427999999999997,6.6266696949929065,1.6199999999999992,1.0,0.05263157894736842,5.141111111111112,0.1257702769731535,0.28506616555156117,0.19273980772431257,1.3175863027572632,58.57344985574757,call_03680846967f,synthetic,train,vad
185.46,10.0,27.0,3.237999999999998,1.8611705993809362,0.5747901789317286,0.17459290413027057,0.6539415507387034,1.0,0.1,0.0,0.29999999999999716,0.0016175994823681501,2.3160000000000003,1.0599999999999987,2.761999999999995,3.6413821551713017,1.5999999999999996,1.0,0.1,13.04888888888889,0.11428749014260686,0.22224583164716286,0.16010227368765556,0.6830909252166748,62.826729756400205,call_04d682ac0cef,human,train,vad
168.76,25.0,17.0,2.5287999999999995,1.4100108368377893,0.5575810015967216,0.37461483763925096,0.3625266650865133,0.0,0.0,2.0,1.9399999999999835,0.011495615074662145,7.299200000000001,6.6399999999999935,14.468000000000005,4.879076896299136,2.219999999999999,2.0,0.08,3.921666666666667,0.16281369441642343,0.3304638882388447,0.24215387336746644,0.7732154130935669,35.45589425624401,call_05d6615469e1,synthetic,train,vad
146.14,23.0,19.0,1.6634782608695649,1.7828521572875309,1.0717616209517307,0.2618037498289311,0.6085944984261668,14.0,0.6086956521739131,1.0,10.140000000000004,0.06938552073354322,5.224347826086956,3.0600000000000023,13.120000000000003,4.857435202715753,1.3599999999999994,4.0,0.17391304347826086,4.0227272727272725,0.17535064866714034,0.36733187696390485,0.25700744825436656,1.2853285074234009,57.590878262636366,call_0615c3630150,human,train,vad
140.38,13.0,15.0,1.890769230769231,1.9295534020495384,1.020512376999349,0.17509616754523438,0.5554922353611625,3.0,0.23076923076923078,0.0,1.519999999999996,0.010827753241202423,3.4384615384615396,3.0799999999999983,4.744000000000003,1.377544337713622,3.3599999999999994,0.0,0.0,6.741666666666667,0.16349642548270057,0.33264889639826206,0.24286082029666986,0.6623561978340149,57.49425104809804,call_064d8dd77899,synthetic,train,vad
133.1,13.0,16.0,3.8600000000000003,5.653660488840563,1.4646788831193167,0.3770097670924118,0.4426746806912098,6.0,0.46153846153846156,0.0,4.780000000000001,0.03591284748309543,4.124615384615382,2.1599999999999966,5.799999999999997,5.673192854095771,1.6800000000000006,1.0,0.07692307692307693,6.0666666666666655,0.18157525988203474,0.3348654704844045,0.2550046671620103,0.8299248218536377,33.3234976461657,call_06b5a78ea12e,synthetic,train,vad
115.4,13.0,13.0,2.0076923076923054,1.7629614675581187,0.8781034129599835,0.22616984402079696,0.4667244367417681,0.0,0.0,0.0,0.0,0.0,3.6830769230769245,3.200000000000003,5.884000000000007,2.481585673641211,3.380000000000001,0.0,0.0,6.410000000000001,0.14885499864953505,0.2787100008869799,0.2295033733365234,0.9031187891960144,34.12234404868429,call_0847d7417bb1,synthetic,val,vad
134.76,29.0,22.0,1.0800000000000003,1.2606402314314145,1.1672594735476056,0.23241317898486208,0.6620658949243096,20.0,0.6896551724137931,4.0,11.240000000000006,0.08340753932917784,3.218518518518519,2.3999999999999986,7.516000000000001,2.5052473873610337,3.9399999999999995,2.0,0.06896551724137931,3.1449999999999996,0.173674867667494,0.3521980221720072,0.2547603316664983,1.3519704341888428,65.70980667045689,call_092aef8d1243,human,train,vad
147.9,9.0,17.0,3.8555555555555565,1.9787712860432216,0.5132259819708642,0.23461798512508458,0.457606490872211,0.0,0.0,2.0,0.6800000000000068,0.004597701149425333,3.484444444444444,3.299999999999997,4.359999999999998,0.7063381486560868,4.6,0.0,0.0,12.5,0.22029978431479166,0.33678377115501246,0.30602811583590106,0.7391504645347595,47.60673230385213,call_098d8081babe,synthetic,train,vad
101.4,14.0,15.0,1.9657142857142855,1.5888977054446727,0.8083055187581911,0.2714003944773175,0.41025641025641024,1.0,0.07142857142857142,1.0,0.7999999999999972,0.007889546351084784,4.022857142857143,2.7100000000000026,7.040000000000001,2.3406208839641196,2.9400000000000013,1.0,0.07142857142857142,4.34923076923077,0.10444090975574082,0.22614452055733786,0.16002542530911443,0.7291350960731506,24.35216427638258,call_099dffdf8486,synthetic,train,vad
117.38,7.0,18.0,2.665714285714285,1.2398946630702947,0.46512661529968197,0.15897086386096437,0.6152666553075481,0.0,0.0,0.0,0.0,0.0,1.3599999999999992,1.3399999999999892,1.484000000000001,0.11612800818800859,1.58,0.0,0.0,13.313333333333334,0.1871220853808975,0.37003185594818705,0.2652887079922221,0.8921501040458679,44.910313506910036,call_0a9c546208d1,human,train,vad
128.52,13.0,19.0,1.8953846153846143,1.7174606271810595,0.9061277659640335,0.19172113289760334,0.5432617491441021,2.0,0.15384615384615385,1.0,2.179999999999998,0.01696234049175224,1.9633333333333354,1.4300000000000015,3.186000000000004,1.6606993172221824,1.5200000000000005,0.0,0.0,7.988333333333336,0.149268970023687,0.3439849939044237,0.22706018050181725,0.9311210513114929,52.910911342915256,call_0ab7d2a0c0f5,human,train,vad
159.0,20.0,19.0,2.474999999999998,1.613280818704543,0.6518306338200179,0.31132075471698084,0.41622641509433994,0.0,0.0,3.0,1.92,0.012075471698113207,6.062,4.529999999999999,10.118000000000002,3.988944221219443,4.000000000000001,0.0,0.0,5.109473684210529,0.13659615018105584,0.26987780408315415,0.21975850119750792,0.7541531920433044,32.267959013770444,call_0cf2f4a71328,synthetic,val,vad
209.34,29.0,27.0,2.3744827586206902,2.692978848281013,1.1341328289304293,0.32893856883538747,0.4563867392758192,1.0,0.034482758620689655,3.0,3.299999999999997,0.01576382917741472,4.6868965517241366,2.640000000000015,11.963999999999999,4.298183339945055,1.7800000000000002,1.0,0.034482758620689655,3.719285714285714,0.1300679347577895,0.2924282279382748,0.1995047095625729,1.3501250743865967,60.71607439383026,call_0e101713ee94,synthetic,train,vad
129.44,12.0,24.0,1.8633333333333342,1.5342931778364788,0.8234131544739596,0.17274412855377017,0.6237639060568603,2.0,0.16666666666666666,2.0,2.1400000000000103,0.016532756489493282,1.4449999999999994,1.1000000000000014,1.7059999999999995,1.5681863197124675,0.3799999999999999,1.0,0.08333333333333333,8.799999999999999,0.14742183368773978,0.27418120645063754,0.22881189536013807,0.8353562355041504,38.28609677383005,call_0e1e2f29bfdc,human,val,vad
136.16,11.0,18.0,1.9818181818181841,1.3138826444191212,0.6629683068169869,0.1601057579318451,0.5721210340775558,2.0,0.18181818181818182,0.0,1.2600000000000193,0.009253819036427875,3.454545454545452,1.8400000000000034,10.61999999999999,3.676956161224966,2.9800000000000004,0.0,0.0,10.181999999999999,0.10083665108764642,0.23361452290001092,0.16144757467002463,0.7557403445243835,41.58570795554413,call_10aa0d1d33f0,human,val,vad
161.3,10.0,18.0,3.663999999999999,2.5978883732754983,0.7090306695620904,0.22715437073775563,0.4763794172349661,0.0,0.0,1.0,0.2400000000000091,0.0014879107253565349,4.090000000000001,3.629999999999997,5.236000000000011,1.5981802151196862,3.6599999999999993,1.0,0.1,9.091111111111111,0.11339636373623356,0.2929154747510695,0.19731161103333883,0.6886253356933594,28.558799863335768,call_10ceaf16fbbf,synthetic,train,vad
123.16,13.0,16.0,1.8030769230769228,1.1158396949616332,0.6188530731442505,0.19032153296524845,0.5673920103929847,2.0,0.15384615384615385,1.0,1.2799999999999978,0.010392984735303652,2.7983333333333342,1.9299999999999997,5.369999999999993,1.8462296414284116,2.1799999999999997,1.0,0.07692307692307693,6.535,0.1971419065404512,0.34128116959534427,0.2568599403065467,0.8711525797843933,58.333298618347314,call_11d3230256a1,human,train,vad
157.28,16.0,24.0,3.2987499999999996,3.4308415057387904,1.040042896775685,0.3355798575788402,0.46032553407934906,3.0,0.1875,1.0,3.479999999999986,0.022126144455747624,4.0725000000000025,2.1500000000000057,9.979999999999999,4.75477588851462,1.4600000000000009,0.0,0.0,4.569333333333334,0.15968265089930672,0.31660232646690023,0.23206632023993876,0.7762936353683472,39.85523538584302,call_120d6007bcc1,synthetic,val,vad
131.16,44.0,19.0,1.7395454545454543,1.7503219892681747,1.0061950291063457,0.5835620616041476,0.5533699298566637,25.0,0.5681818181818182,7.0,37.240000000000016,0.28392802683745055,4.52232558139535,3.940000000000012,9.404000000000003,3.380045986483163,2.6799999999999997,4.0,0.09090909090909091,1.2600000000000002,0.12668346225839902,0.28187678356090096,0.1995777850799723,1.2364368438720703,69.03482670635466,call_1612f093f8b5,human,train,vad
102.54,14.0,14.0,2.005714285714287,1.5845040426658699,0.7899948930670286,0.2738443534230546,0.4776672518041739,2.0,0.14285714285714285,3.0,2.199999999999994,0.021455041934854632,1.4700000000000009,1.0200000000000014,3.3240000000000016,1.249108253343732,0.1599999999999997,2.0,0.14285714285714285,5.4692307692307685,0.19459674962819618,0.33418293303604046,0.2611328848043104,0.961406946182251,39.607916206600194,call_16581bcbc272,human,train,vad
163.94,37.0,16.0,1.8491891891891903,2.148616623932683,1.161923634690284,0.4173478101744543,0.5117725997316092,24.0,0.6486486486486487,2.0,22.000000000000053,0.13419543735513026,8.339444444444444,5.399999999999999,18.529999999999994,7.620239841823458,0.45999999999999996,7.0,0.1891891891891892,2.6199999999999988,0.17176926089138672,0.3143318487667086,0.23967166556292313,1.1073561906814575,53.95410594376525,call_1761edbd6952,human,train,vad
142.42,19.0,17.0,1.456842105263157,1.5140084565973184,1.0392399087915125,0.19435472545990723,0.5062491223142817,2.0,0.10526315789473684,1.0,1.4199999999999928,0.009970509759865138,4.3968421052631586,3.66,6.448000000000001,2.4795352973609246,3.0999999999999996,0.0,0.0,5.732222222222222,0.15134783873195914,0.28094683816548993,0.23120401386962416,0.9035757780075073,33.33163683689397,call_181a5049ecae,synthetic,val,vad
135.2,16.0,22.0,1.775,1.6422926048667472,0.9252352703474632,0.21005917159763315,0.5859467455621302,5.0,0.3125,1.0,3.779999999999993,0.027958579881656755,2.4786666666666664,1.2999999999999972,6.04,2.1409090488751628,2.0399999999999996,2.0,0.125,6.599999999999999,0.17532996722473204,0.32164144787048626,0.2439031158512429,0.9476678967475891,36.83604430495145,call_185e958a253b,human,val,vad
117.22,13.0,22.0,1.3307692307692311,1.343167676905614,1.009316751431964,0.14758573622248766,0.5741341068077118,5.0,0.38461538461538464,1.0,2.379999999999999,0.020303702439856672,3.703076923076922,2.200000000000003,5.928000000000001,2.951983387006059,1.959999999999999,0.0,0.0,5.108333333333333,0.11579597920529319,0.27618237714288035,0.18948417039784868,0.6803997755050659,35.656643423864004,call_186e9d6ee732,synthetic,train,vad
195.84,40.0,19.0,1.7465000000000004,2.376679984768669,1.3608244974341073,0.35671977124183013,0.41717728758169936,14.0,0.35,3.0,5.519999999999988,0.02818627450980386,9.6175,6.6100000000000065,26.40600000000001,9.43009669886794,0.98,7.0,0.175,3.097948717948718,0.14418234492344978,0.27307705588454717,0.21764517699957892,0.8782045841217041,41.50936274877034,call_189410107163,synthetic,train,vad
140.96,14.0,17.0,2.4099999999999997,1.6525780725019583,0.685717042531933,0.2393586833144154,0.5180192962542564,2.0,0.14285714285714285,2.0,1.5400000000000063,0.010925085130533528,4.427142857142856,3.1600000000000006,6.715999999999998,3.442562228032712,1.96,0.0,0.0,7.447692307692308,0.17241726409502187,0.3376102610867582,0.2466393992008811,0.7171158790588379,52.2154059240599,call_18bd3c505fd5,synthetic,train,vad
127.68,12.0,21.0,2.4966666666666653,2.066056361498613,0.827525912482756,0.23464912280701739,0.5562343358395989,4.0,0.3333333333333333,0.0,1.5800000000000025,0.012374686716791998,3.8363636363636378,1.240000000000002,12.639999999999999,4.952235992187169,1.5399999999999991,1.0,0.08333333333333333,8.223636363636365,0.189371992845807,0.3261071350353704,0.24029325264169227,0.9506976008415222,61.29328125780907,call_198ef413fe4a,human,val,vad
140.08,10.0,14.0,3.310000000000003,2.3097402451358033,0.6978067205848342,0.23629354654483173,0.49885779554540244,0.0,0.0,0.0,0.0,0.0,3.517999999999998,2.719999999999999,5.446,1.7654110003055958,3.84,0.0,0.0,10.459999999999997,0.12366565961732125,0.28998528365249276,0.1937547069328801,1.3057976961135864,57.89427127657989,call_1a2f3635b411,synthetic,train,vad
178.06,16.0,20.0,4.396250000000003,4.233959250807685,0.9630842765556287,0.3950353813321355,0.39110412220599805,2.0,0.125,2.0,1.860000000000042,0.01044591710659352,3.3862499999999978,2.3300000000000054,8.109999999999994,3.594222577623704,2.1800000000000006,1.0,0.0625,5.071999999999998,0.20664409883351842,0.31333670696123805,0.2786102274836552,0.8422431349754333,55.06583013467998,call_1ad99899456c,synthetic,train,vad
162.4,8.0,21.0,6.7250000000000005,5.026208809828734,0.7473916445841984,0.3312807881773399,0.4373152709359603,0.0,0.0,0.0,0.0,0.0,3.057500000000002,2.6999999999999993,4.032000000000006,1.0876781463282221,1.9999999999999991,0.0,0.0,14.014285714285716,0.11862710715204228,0.28319133305276745,0.18640628275412138,1.2708159685134888,55.355426385909176,call_1ba56b3cce45,synthetic,train,vad
163.7,12.0,21.0,3.333333333333334,1.647145679315854,0.49414370379475614,0.24434941967012835,0.5299938912645081,0.0,0.0,0.0,0.0,0.0,3.8699999999999988,1.5699999999999932,10.338000000000001,4.434850617551844,1.6600000000000001,0.0,0.0,9.792727272727271,0.1649496855345912,0.3114600281368589,0.23679046668320097,0.8025128841400146,43.355280113987874,call_1bf0aa4d4324,human,train,vad
144.78,17.0,28.0,1.5870588235294116,1.2796496060198883,0.8063025686559712,0.1863517060367454,0.5825390247271722,5.0,0.29411764705882354,1.0,2.6399999999999904,0.018234562784914976,1.9847058823529422,1.3399999999999999,3.996000000000001,1.9375731262012177,0.8399999999999999,0.0,0.0,7.116250000000001,0.18315920015292017,0.33414224071284854,0.24494132185884152,0.8038567304611206,48.914749312208144,call_1c1c0cce9fb5,human,val,vad
117.46,22.0,8.0,1.5590909090909089,1.6106743621311066,1.0330855967021677,0.2920143027413587,0.15358419887621322,3.0,0.13636363636363635,3.0,3.460000000000001,0.029456836369828036,14.0,9.009999999999998,30.992,12.131140994077262,0.49999999999999956,7.0,0.3181818181818182,3.0361904761904763,0.18160836030323713,0.3434024437483067,0.2539932933837985,0.7231830954551697,68.794000146518,call_1cc930924760,synthetic,train,vad
105.82,11.0,13.0,2.761818181818182,2.240364492186759,0.8111918832802615,0.2870912870912872,0.48988848988848993,2.0,0.18181818181818182,1.0,2.759999999999998,0.026082026082026064,3.3999999999999986,1.980000000000004,2.8199999999999994,4.3661591192426155,1.62,2.0,0.18181818181818182,6.539999999999999,0.12244897959183673,0.24211828253154766,0.19019199602107587,0.9883871674537659,37.829050616431076,call_1ee2936b46a7,synthetic,train,vad
142.98,23.0,18.0,1.6947826086956517,0.9997428780972846,0.5898944637310813,0.2726255420338508,0.4891593229822352,3.0,0.13043478260869565,3.0,2.6199999999999974,0.01832424115260874,3.7321739130434786,1.8200000000000074,7.939999999999997,3.763359919380249,1.3599999999999994,1.0,0.043478260869565216,4.306363636363636,0.18708190944557926,0.36361551561266114,0.25963841590255743,0.7955955862998962,83.62173147586832,call_224586045e67,human,train,vad
205.3,14.0,31.0,2.1628571428571433,1.3790443304354365,0.6376030589860009,0.147491475888943,0.5045299561617144,0.0,0.0,0.0,0.0,0.0,3.9957142857142856,4.1399999999999935,6.228000000000003,2.257902675005263,4.559999999999999,0.0,0.0,10.810769230769232,0.22390186352948996,0.369254529587651,0.28294514020620803,0.8372701406478882,55.464704537032034,call_22d0f235a47e,human,train,vad
160.02,20.0,17.0,1.6610000000000027,1.6801842160906038,1.0115497989708615,0.20759905011873553,0.5464316960379952,5.0,0.25,1.0,2.6000000000000085,0.01624796900387457,2.5035294117647067,1.720000000000013,5.172000000000002,2.068568533683794,0.6400000000000001,1.0,0.05,6.635789473684208,0.1912010268876444,0.3478860064931382,0.2650477327857482,0.9846801161766052,41.77317166680015,call_22eacbc23d18,human,train,vad
201.32,14.0,25.0,3.6042857142857145,2.886828992623751,0.8009434383022694,0.2506457381283529,0.5773892310749055,3.0,0.21428571428571427,1.0,2.8400000000000034,0.014106894496324277,2.9257142857142875,1.3600000000000008,5.521999999999998,3.4335356918108135,1.4400000000000004,0.0,0.0,10.289230769230768,0.2199362590337109,0.34545247953542974,0.29287855434263876,0.8276268243789673,54.83971907257899,call_23991b635849,human,train,vad
155.72,31.0,24.0,1.1877419354838712,0.8757769257780683,0.7373461352286831,0.23645003853069618,0.46095556126380693,12.0,0.3870967741935484,1.0,7.780000000000014,0.04996146930387885,5.034838709677419,2.6400000000000006,8.160000000000004,5.908155037042222,0.3799999999999999,5.0,0.16129032258064516,3.800666666666667,0.16429408408746957,0.32469255448907514,0.23024176276030275,0.8910247683525085,68.08493880087579,call_24e1989c4d6d,synthetic,train,vad
138.18,11.0,23.0,2.0509090909090926,1.801501669292263,0.8783917713747729,0.16326530612244908,0.5261253437545229,2.0,0.18181818181818182,2.0,2.3800000000000097,0.017223910840932187,3.6654545454545437,3.1199999999999903,5.379999999999999,1.1677823866111954,3.700000000000001,1.0,0.09090909090909091,7.935999999999998,0.13750613319059726,0.24344948403120442,0.1854323590420961,0.7924078106880188,42.684133465714204,call_253156878935,synthetic,train,vad
210.16,10.0,29.0,4.716000000000003,2.4682593056646227,0.5233798358067475,0.22440045679482312,0.507327750285497,0.0,0.0,2.0,1.259999999999991,0.005995432051770036,3.5580000000000025,3.4000000000000057,4.436000000000002,0.743637008223772,3.6999999999999993,0.0,0.0,13.911111111111108,0.22987981500152033,0.3327467835177752,0.31395657773216146,0.6869109869003296,46.875903760063075,call_26be2ced1f65,synthetic,train,vad
190.68,22.0,19.0,2.770909090909089,1.6653771319840858,0.601021930834152,0.3196979232221521,0.3620725823368993,1.0,0.045454545454545456,1.0,1.079999999999984,0.005663939584644347,10.988181818181816,7.910000000000004,20.852000000000004,7.319417908030439,5.16,0.0,0.0,5.506666666666669,0.16957394942545817,0.3353277808759652,0.2484078417055353,0.7689294815063477,32.634837185875234,call_2741c273bfcc,synthetic,train,vad
134.12,11.0,16.0,1.8490909090909087,0.9495018267535156,0.5134965631410361,0.15165523411869963,0.5398150909633164,0.0,0.0,1.0,0.38000000000000256,0.002833283626603061,3.2836363636363655,2.5400000000000063,5.099999999999998,1.7123469950348718,2.2,0.0,0.0,9.760000000000002,0.11910106800739628,0.2316191195723685,0.17135001202940642,0.7986406087875366,24.349760208765336,call_290aacdf95ca,synthetic,train,vad
162.9,14.0,18.0,2.8157142857142863,1.9126224117153685,0.6792672187725812,0.24198895027624315,0.5199508901166364,0.0,0.0,1.0,0.28000000000000114,0.0017188459177409523,2.329999999999998,2.0700000000000003,3.4019999999999913,0.8544254544094839,1.959999999999999,0.0,0.0,8.649230769230769,0.1536046255612035,0.26943132866173947,0.2313078005754065,0.7417781949043274,40.43412168108648,call_29a23dea3118,synthetic,train,vad
161.54,25.0,21.0,1.3552000000000017,1.300440294669462,0.959592897483368,0.2097313358920394,0.6228797820973134,14.0,0.56,0.0,5.420000000000014,0.03355206140893905,4.027200000000001,1.8999999999999995,8.392000000000005,3.7249896858917615,0.3999999999999999,5.0,0.2,4.992499999999998,0.25967714389669794,0.3270816861916185,0.30738103046259213,1.0548170804977417,43.92144654445751,call_29e423c5b8aa,human,train,vad
140.12,11.0,10.0,4.32727272727273,4.32982277804256,1.0005892974468096,0.3397088210105626,0.44647445047102496,0.0,0.0,1.0,0.6200000000000045,0.004424778761061979,5.24181818181818,2.960000000000001,7.9799999999999995,5.163546734177299,2.4799999999999995,1.0,0.09090909090909091,8.157999999999998,0.16284023043179535,0.3438472900689954,0.24397880985641152,0.6914767026901245,51.142357094300415,call_29f2b21b3d8a,synthetic,train,vad
187.52,18.0,26.0,2.4344444444444466,1.8929084682402915,0.7775525428645644,0.23368174061433464,0.5252773037542661,3.0,0.16666666666666666,1.0,1.9999999999999716,0.010665529010238756,3.3922222222222222,1.679999999999998,7.190000000000006,2.959152573054877,1.5799999999999992,1.0,0.05555555555555555,7.392941176470586,0.1412021481290026,0.2518654237568541,0.1989513116149555,0.752256453037262,52.31339627390485,call_29fddbedd6a4,human,train,vad
162.74,15.0,23.0,1.9213333333333318,1.3216044121529802,0.6878579521962082,0.1770922944574166,0.525992380484208,0.0,0.0,1.0,0.4399999999999977,0.0027036991520216153,3.625333333333334,3.219999999999999,5.944000000000003,1.6274719318282862,5.0600000000000005,0.0,0.0,6.247142857142859,0.2070496117737944,0.3731545961534277,0.2698742327720619,0.8883447051048279,52.77619750792188,call_2a34be1bd407,human,train,vad
114.32,6.0,18.0,3.039999999999998,4.529665182622958,1.49002144165229,0.15955213435969198,0.5617564730580825,2.0,0.3333333333333333,0.0,1.1599999999999948,0.010146955913225987,1.6666666666666685,1.629999999999999,1.9500000000000028,0.2401851137953575,1.38,0.0,0.0,18.056,0.11206152614101582,0.29634381222503614,0.19477800592104877,0.6861444115638733,24.42596689072149,call_2cd6a0b37e59,synthetic,train,vad
149.2,12.0,22.0,3.086666666666668,1.611010724841877,0.5219257207911047,0.2482573726541556,0.5548257372654153,1.0,0.08333333333333333,0.0,1.1799999999999926,0.007908847184986547,3.9566666666666657,1.8800000000000026,8.177999999999999,3.2023411574797715,1.2999999999999998,0.0,0.0,6.6909090909090905,0.15412880177132998,0.3010930182070893,0.22532543862338558,0.8423391580581665,47.24037281983193,call_2d2c74bdeb7b,human,train,vad
172.18,46.0,12.0,1.2269565217391292,1.2488270489181614,1.0178250221515854,0.32779649204321026,0.3617144848414449,16.0,0.34782608695652173,4.0,12.96,0.07527006620978047,14.442173913043481,11.190000000000005,30.679999999999996,11.025695859543085,0.94,21.0,0.45652173913043476,2.482222222222224,0.17408368212026798,0.3242932411754624,0.24696224037707892,0.9695733785629272,61.057700029936825,call_2d4374d86df7,synthetic,val,vad
128.02,10.0,18.0,3.7300000000000013,3.1714129343243838,0.8502447545105584,0.29136072488673653,0.46336509920324936,2.0,0.2,1.0,1.7800000000000153,0.013904077487892635,2.4319999999999973,1.9399999999999977,2.699999999999997,1.535557227849227,1.8200000000000003,0.0,0.0,7.924444444444443,0.17580724029203973,0.3347106083582501,0.24888812151140996,0.6981835961341858,55.25130746479437,call_30c4f6565eec,synthetic,train,vad
132.66,16.0,18.0,1.5949999999999986,0.7291261893527097,0.4571324071176867,0.19237147595356535,0.5071611638775816,0.0,0.0,3.0,1.2399999999999949,0.009347203377054084,4.002500000000002,3.059999999999998,7.549999999999997,2.7072853100476846,2.539999999999999,0.0,0.0,6.362666666666668,0.09473886555864434,0.21467440622897105,0.1505142736642412,0.7554968595504761,32.7152725180437,call_312805f2b67f,synthetic,train,vad
140.2,21.0,21.0,1.7428571428571398,1.50257285017001,0.8621319632123023,0.26105563480741756,0.5288159771754632,6.0,0.2857142857142857,2.0,6.419999999999991,0.045791726105563424,3.3914285714285746,1.7799999999999976,10.38000000000001,3.6424302270851627,1.4000000000000004,5.0,0.23809523809523808,4.435000000000002,0.17075007479084353,0.30465355147987444,0.23961269501515486,0.9486874341964722,45.32990445396967,call_3332ecee2806,human,train,vad
147.0,14.0,16.0,2.0385714285714283,2.01282267029185,0.9873692145790436,0.19414965986394556,0.579455782312925,4.0,0.2857142857142857,0.0,2.320000000000003,0.01578231292517009,4.067692307692308,1.3800000000000097,12.608000000000004,4.747679844442487,1.379999999999999,0.0,0.0,8.321538461538463,0.1726628851485061,0.3745000120361099,0.2481739520807876,0.9403648972511292,52.45570065546064,call_349b9fddaff0,human,train,vad
223.36,56.0,26.0,1.3142857142857154,1.6908396658199727,1.2865084413847607,0.3295128939828083,0.6244627507163323,35.0,0.625,3.0,23.56000000000006,0.10547994269341,6.078148148148151,3.930000000000007,15.056000000000006,5.517839443677232,1.06,10.0,0.17857142857142858,2.6996363636363627,0.15781719989062074,0.27655704909002593,0.21604961605254974,1.2192702293395996,51.097384161677674,call_34f4c668dbe8,human,train,vad
99.7,9.0,12.0,2.960000000000001,3.4910679677651033,1.1794148539746967,0.2672016048144434,0.47342026078234706,1.0,0.1111111111111111,1.0,0.7199999999999971,0.007221664994984925,4.035555555555557,1.6599999999999966,6.624000000000004,6.312870646739812,1.540000000000001,1.0,0.1111111111111111,7.062499999999998,0.14490906000339962,0.28409523855240604,0.2044914506994816,0.774901270866394,39.058003693897824,call_35966c559fcc,human,train,vad
158.96,34.0,25.0,1.0794117647058816,1.1621732714198716,1.0766727855115983,0.23087569199798674,0.6082033215903373,15.0,0.4411764705882353,3.0,8.239999999999977,0.05183694011071953,3.8605882352941157,2.34,9.211999999999998,3.3363893315418536,1.5200000000000005,7.0,0.20588235294117646,3.423030303030304,0.21114595650609222,0.3565454136865486,0.2761700786409339,1.221903681755066,61.19742495755334,call_36640e327eaf,human,train,vad
142.92,12.0,18.0,3.210000000000002,1.597362409306875,0.49762068825759315,0.26952141057934526,0.4596977329974813,0.0,0.0,2.0,0.9000000000000057,0.006297229219143617,3.7883333333333318,3.2600000000000025,6.216000000000001,1.746853520539781,3.2200000000000006,1.0,0.08333333333333333,8.42,0.15953813097174058,0.3155640790469615,0.2331728166538756,0.756279706954956,44.69703853913466,call_36d72e4b1aef,synthetic,val,vad
149.34,13.0,17.0,3.666153846153847,3.4893983137091102,0.9517872026483093,0.31913753850274545,0.4561403508771928,4.0,0.3076923076923077,1.0,2.16,0.014463640016070712,3.878461538461539,2.280000000000001,9.880000000000004,3.2126333462988708,1.7800000000000002,3.0,0.23076923076923078,7.631666666666665,0.12286188594789613,0.24510851465269629,0.18589582167848615,0.8080003261566162,43.201229734582505,call_373750027ccd,synthetic,train,vad
116.3,23.0,14.0,1.211304347826087,1.165218040233433,0.9619531559716065,0.23955288048151333,0.3681857265692174,6.0,0.2608695652173913,4.0,6.4799999999999836,0.055717970765262116,6.633913043478262,4.0200000000000005,13.064000000000002,6.086753785443638,0.9200000000000004,10.0,0.43478260869565216,3.4454545454545453,0.15009397816814862,0.2817058786192887,0.2111152088742557,0.9727932810783386,63.552333401424214,call_374f870c8124,synthetic,train,vad
143.74,10.0,21.0,4.144000000000004,3.961785456079116,0.9560293088993997,0.28829831640461967,0.44566578544594393,5.0,0.5,1.0,3.7800000000000153,0.026297481563934987,4.636,3.789999999999999,5.819999999999994,2.448228747482554,4.02,0.0,0.0,7.0222222222222195,0.22062055316772297,0.33321318517104676,0.3047512126996635,0.6820129752159119,52.08433602441419,call_37e63dcc8185,synthetic,train,vad
165.2,12.0,26.0,3.2683333333333326,2.1644931405656047,0.6622620521873346,0.23740920096852297,0.4456416464891039,0.0,0.0,1.0,0.8799999999999955,0.005326876513317164,5.483333333333335,4.360000000000001,10.646,3.1079771913934975,3.7600000000000016,0.0,0.0,10.296363636363639,0.10799264911048465,0.2734345700817993,0.18329866003143155,0.6214061975479126,27.05327581815308,call_387c5493a07f,synthetic,train,vad
191.22,16.0,18.0,4.042500000000002,3.9519480955599593,0.9776000236388267,0.33824913711954835,0.4034096851793745,0.0,0.0,2.0,0.8599999999999994,0.00449743750653697,6.383749999999999,5.29,10.1,4.147892348832116,4.64,0.0,0.0,7.5639999999999965,0.1686872576360447,0.3284887077671614,0.2456899925193488,0.6771827340126038,64.85953659727491,call_39880aff21ed,synthetic,train,vad
167.38,26.0,15.0,2.0269230769230764,1.2715217086708759,0.6273162130065044,0.3148524315927828,0.45847771537818127,2.0,0.07692307692307693,0.0,1.1799999999999926,0.007049826741546138,5.384615384615383,4.09,12.159999999999997,4.294874611556673,1.4799999999999995,0.0,0.0,4.187200000000001,0.19173916675617295,0.3452717735840426,0.25667742869910726,0.7872236371040344,84.59072155961812,call_3adbf4ac0f30,human,train,vad
122.96,11.0,15.0,1.8327272727272728,1.2108981708489324,0.6607083273481278,0.1639557579700716,0.5720559531554974,1.0,0.09090909090909091,0.0,0.76,0.006180871828236826,1.3480000000000012,1.2999999999999972,1.5959999999999992,0.3066202863477884,2.1000000000000005,1.0,0.09090909090909091,9.592000000000002,0.19228561445542577,0.3637991583356644,0.2641117790566837,0.9779724478721619,35.26181610043055,call_3b1bf9fab29d,human,train,vad
156.28,20.0,27.0,1.239000000000002,0.9062554827420344,0.7314410675884042,0.15856155618121348,0.623496288712567,8.0,0.4,1.0,6.640000000000025,0.04248784233427198,2.4926315789473668,1.4000000000000057,6.511999999999999,2.544270843959783,0.28000000000000025,1.0,0.05,6.799999999999998,0.17531383089425942,0.30807018467873776,0.23682920273017932,1.013228178024292,38.43715689503245,call_3b9afdd4a2df,human,val,vad
211.9,28.0,33.0,1.927857142857143,1.5773788319841993,0.818203173315257,0.2547428032090609,0.5969797074091551,11.0,0.39285714285714285,3.0,11.639999999999972,0.05493157149598854,4.157037037037038,1.8000000000000114,11.227999999999996,4.521473714861538,1.04,2.0,0.07142857142857142,5.417777777777778,0.17225897590108677,0.30190331532575376,0.23588339379442896,1.017022728919983,88.03608061505643,call_3ca96b2dd5c4,human,train,vad
139.64,15.0,19.0,2.6866666666666688,2.5887929405205226,0.9635705733947347,0.2885992552277287,0.43655113148095104,1.0,0.06666666666666667,2.0,1.9399999999999942,0.013892867373245448,4.851999999999998,2.3599999999999994,11.56399999999999,4.888783352396245,1.700000000000001,1.0,0.06666666666666667,6.325714285714283,0.17593832420369243,0.33482078105287544,0.2499573726171657,0.8381268382072449,38.28484126101109,call_3cd08cbaf55c,synthetic,train,vad
146.1,20.0,25.0,1.6650000000000005,1.2882526926034334,0.7737253409029629,0.22792607802874756,0.5314168377823412,3.0,0.15,3.0,3.3000000000000185,0.022587268993839962,3.536999999999999,1.5000000000000004,9.028000000000006,4.213009731771337,1.54,0.0,0.0,5.437894736842104,0.1863108391410278,0.37138436300069116,0.26039038263203784,0.7670194506645203,82.55075301967632,call_3d69be34ef44,human,train,vad
174.14,22.0,20.0,2.2681818181818185,1.378545466535575,0.6077755563884297,0.28655105087860344,0.46962214310325046,0.0,0.0,2.0,0.5,0.002871253014815666,4.4827272727272724,1.899999999999995,12.284000000000006,4.970861624432549,1.4200000000000008,1.0,0.045454545454545456,5.469523809523809,0.17562924591321008,0.3598314979497319,0.256512618526457,0.818207323551178,91.78441553883927,call_3f3ac4984431,human,train,vad
124.76,16.0,18.0,1.1625000000000003,0.7584152886117205,0.6524002482681465,0.14908624559153577,0.5012824623276693,0.0,0.0,0.0,0.0,0.0,3.3099999999999996,2.9599999999999973,4.93,1.4952090154891393,3.460000000000001,1.0,0.0625,4.721333333333333,0.12722661797524853,0.23807618785308016,0.19811956931267802,0.8582244515419006,36.389719762084944,call_415d987a1504,synthetic,train,vad
77.18,8.0,16.0,1.5799999999999987,1.5783218936579448,0.9989379073784469,0.16377299818605842,0.605338170510495,3.0,0.375,0.0,2.6799999999999926,0.03472402176729713,2.5150000000000015,1.7900000000000018,3.874000000000003,2.11678411747632,1.7799999999999994,0.0,0.0,5.371428571428574,0.17969309768330546,0.33597214288156135,0.25466486929943866,0.7384553551673889,59.50052179352747,call_41fc5fd779c9,synthetic,train,vad
141.78,18.0,15.0,2.373333333333333,1.5672481190502885,0.660357353532425,0.30131189166314004,0.4220623501199039,2.0,0.1111111111111111,1.0,2.5399999999999956,0.017915079700945094,6.0433333333333366,4.450000000000001,10.952000000000004,3.6821264991245943,3.2199999999999998,0.0,0.0,5.111764705882353,0.1236514498386451,0.23582614637204327,0.20242088984039586,0.8360045552253723,38.02881832698251,call_450b4e13468b,synthetic,train,vad
133.3,22.0,22.0,1.5536363636363637,1.3716398462309984,0.8828577126121113,0.25641410352588145,0.47561890472618135,3.0,0.13636363636363635,4.0,2.139999999999981,0.0160540135033757,4.211818181818184,2.7900000000000027,7.719999999999999,2.615969551469373,1.6600000000000001,2.0,0.09090909090909091,3.621904761904762,0.10777938475919199,0.2474949816448732,0.17040346088693345,1.156928300857544,63.79025583236036,call_4789ebd9b148,synthetic,train,vad
145.9,12.0,28.0,2.3233333333333364,1.385251681905574,0.5962345833166021,0.1910897875257028,0.5538039753255655,2.0,0.16666666666666666,0.0,1.0400000000000063,0.0071281699794380135,1.4566666666666623,1.2799999999999976,1.8639999999999926,0.5019185414210392,1.54,0.0,0.0,9.276363636363632,0.15829746532759445,0.3292689929489926,0.22527913577489453,0.7397556304931641,46.536799857849246,call_47bef2f628eb,human,val,vad
140.26,33.0,19.0,2.9515151515151516,3.0441042083983607,1.0313700090056046,0.6944246399543705,0.495650933979752,26.0,0.7878787878787878,8.0,46.16000000000002,0.3291030942535293,7.48733333333333,6.98,14.624,4.90983905597277,8.04,3.0,0.09090909090909091,1.3131249999999994,0.18417507243231793,0.36150008753350643,0.25196385547951433,1.5431492328643799,65.9141077852311,call_486215b37ca1,human,train,vad
155.0,17.0,19.0,1.6317647058823535,1.2703507403312726,0.7785134313493738,0.17896774193548393,0.5361290322580646,2.0,0.11764705882352941,0.0,0.6599999999999966,0.00425806451612901,2.801176470588235,1.6400000000000006,5.760000000000001,2.6042632069764124,0.9199999999999999,2.0,0.11764705882352941,7.387499999999999,0.2327542816721307,0.38819198280147516,0.30231064871441093,0.9411000609397888,40.77888652137559,call_488e7b893457,human,train,vad
151.84,17.0,19.0,3.176470588235295,2.7257399236698827,0.8581033093034814,0.35563751317175984,0.3980505795574287,5.0,0.29411764705882354,1.0,3.859999999999996,0.02542149631190724,4.469999999999999,1.4700000000000024,13.190000000000005,5.478900437131523,3.2800000000000002,5.0,0.29411764705882354,6.0387499999999985,0.1508269275564873,0.2560141699453455,0.20809236522053973,0.7658859491348267,37.02557019585759,call_4ac92327c83b,human,train,vad
164.7,21.0,21.0,1.3571428571428565,1.1531370994240142,0.8496799679966425,0.1730418943533697,0.5135397692774745,1.0,0.047619047619047616,0.0,0.46000000000000796,0.0027929568913175958,4.855238095238092,4.339999999999996,7.719999999999999,2.1933744801053283,2.9800000000000004,0.0,0.0,6.233000000000001,0.13832947147743574,0.2868503559489939,0.21158596254715245,0.6814237236976624,43.63572714097053,call_4affad158a4c,synthetic,val,vad
213.5,39.0,13.0,1.5487179487179485,2.4809997772684413,1.6019700548587619,0.28290398126463695,0.3302107728337235,10.0,0.2564102564102564,0.0,4.659999999999975,0.021826697892271547,11.480540540540542,6.1200000000000045,30.18799999999999,10.782879810380583,2.74,12.0,0.3076923076923077,3.891578947368421,0.1349598067391395,0.3046241116018008,0.2097412867943414,0.7918440103530884,57.450444168896006,call_4b1bec58d02d,synthetic,train,vad
150.9,17.0,18.0,2.351764705882352,2.1711266668391787,0.9231904286209618,0.26494367130550023,0.5481776010603047,4.0,0.23529411764705882,1.0,4.159999999999997,0.02756792577866134,4.738823529411767,1.960000000000008,12.751999999999995,5.8364512609803665,1.6999999999999993,2.0,0.11764705882352941,4.983750000000001,0.22925299127551196,0.3575790034585914,0.29532824640912914,0.965792715549469,50.975286318557096,call_4baef170cf46,human,train,vad
130.76,24.0,14.0,1.578333333333332,1.3913173214220012,0.881510446518692,0.2896910370143773,0.5230957479351486,6.0,0.25,0.0,3.339999999999992,0.025542979504435546,5.701818181818181,4.399999999999999,12.043999999999999,4.854189976770431,1.08,1.0,0.041666666666666664,3.942608695652175,0.16035743459982865,0.3188420846849657,0.22419474344363008,0.8323034644126892,56.65236591982238,call_4c278007298d,human,train,vad
154.62,14.0,23.0,1.8842857142857155,0.7994704880259754,0.42428304899028235,0.17061182253266083,0.498900530332428,0.0,0.0,0.0,0.0,0.0,3.0614285714285714,2.1799999999999997,4.32,1.5545778349436097,1.8800000000000008,0.0,0.0,8.544615384615385,0.14548852999938014,0.2735847492823143,0.20031640481145843,0.8041043877601624,38.99508458201414,call_4c8c40f7c2fd,human,train,vad
140.74,12.0,18.0,3.606666666666665,2.292165400275955,0.6355356932373261,0.3075174079863577,0.5193974705130027,4.0,0.3333333333333333,2.0,4.680000000000014,0.033252806593719014,3.405000000000001,2.4299999999999926,7.194000000000004,2.4682264212723,1.96,0.0,0.0,7.912727272727273,0.17362152547692952,0.33138643049030075,0.2504366134174112,0.7039628624916077,60.50686936161208,call_4cd5b14fbe3c,synthetic,train,vad
150.96,9.0,22.0,3.0733333333333346,2.1377246470644122,0.695572010975405,0.18322734499205093,0.520137784843667,1.0,0.1111111111111111,0.0,1.279999999999994,0.008479067302596675,3.104444444444443,2.6999999999999993,4.483999999999997,1.2602919512831674,4.399999999999999,0.0,0.0,10.2775,0.18133035011846454,0.3508164636340672,0.2569344715618315,0.7739658355712891,59.24869305951218,call_4d8129939686,synthetic,train,vad
99.98,12.0,15.0,2.604999999999999,2.1354644303601353,0.819756019332106,0.3126625325065012,0.4632926585317062,3.0,0.25,2.0,2.8999999999999897,0.029005801160231943,3.8533333333333335,2.339999999999999,6.952,3.417360905078005,2.24,0.0,0.0,4.5636363636363635,0.223916271321479,0.4068268276913182,0.30449578672466626,0.8829206824302673,61.842173763082144,call_4e60206f7e8a,human,train,vad
136.52,13.0,19.0,2.5753846153846145,2.375764218373065,0.922489093155611,0.24523879285086425,0.47450922941693524,1.0,0.07692307692307693,2.0,1.1400000000000006,0.008350424846176388,3.858461538461541,2.799999999999997,5.908000000000006,2.4906034058925934,2.7799999999999994,1.0,0.07692307692307693,7.591666666666668,0.10327013968726284,0.27911064040531425,0.18677729333215154,0.5948522686958313,27.432434450920308,call_4e9cec0da4ea,synthetic,train,vad
151.94,31.0,23.0,1.5451612903225809,1.7603809539465283,1.139286212366229,0.31525602211399245,0.5637751744109518,14.0,0.45161290322580644,5.0,10.31999999999999,0.06792154797946551,3.186206896551723,2.799999999999997,6.591999999999998,2.534724923922207,1.08,7.0,0.22580645161290322,3.2239999999999993,0.15690707842596605,0.26021209523369937,0.21555905749547993,1.0825539827346802,50.6951911062526,call_4f0dad5104b3,human,train,vad
131.2,16.0,17.0,1.5362500000000001,1.2325019016212495,0.802279512853539,0.18734756097560978,0.5978658536585366,5.0,0.3125,0.0,1.7200000000000166,0.013109756097561103,3.4262499999999996,2.409999999999993,5.969999999999999,3.2948574988153876,3.8399999999999994,3.0,0.1875,4.965333333333333,0.17461145994851876,0.26607785656638966,0.23252030804358573,0.8771907687187195,47.50670321567031,call_51851f91f064,human,train,vad
164.14,21.0,23.0,1.5476190476190472,1.27092731335339,0.8212145717052676,0.19800170586085047,0.587059826976971,5.0,0.23809523809523808,1.0,2.8200000000000083,0.017180455708541542,3.056999999999998,1.319999999999998,8.009999999999991,2.8595193652080755,1.2600000000000007,2.0,0.09523809523809523,6.122000000000001,0.1700475570839917,0.30665751864099855,0.23405922568110282,1.0482560396194458,87.43612106834212,call_5273f6be303c,human,train,vad
145.34,10.0,18.0,3.7999999999999994,2.290624369031292,0.6027958865871822,0.26145589651850826,0.4856199256914822,2.0,0.2,0.0,1.7600000000000051,0.012109536259804632,3.6539999999999955,2.039999999999999,4.49799999999999,4.494094347029222,1.8599999999999994,0.0,0.0,10.095555555555556,0.12488532527877963,0.28196730048781804,0.20528951527560232,0.7370896935462952,31.385968058529212,call_52ba7c3bd761,synthetic,train,vad
164.46,25.0,22.0,1.9504000000000001,1.618593166919965,0.8298775466160607,0.2964854675909036,0.39194941019092755,2.0,0.08,1.0,2.200000000000003,0.013377112975799603,7.335999999999998,6.58,13.156,3.975597565146653,4.0,0.0,0.0,4.279999999999999,0.1653355415563845,0.3208053318341428,0.24263808142901863,0.7873255610466003,35.177765759558625,call_52bfee0220ab,synthetic,train,vad
124.62,11.0,19.0,2.2618181818181804,1.5225923956547882,0.6731718791078248,0.19964692665703726,0.48627828598940764,1.0,0.09090909090909091,2.0,2.039999999999992,0.016369764082811683,3.3945454545454576,2.3599999999999994,2.9799999999999995,2.914454147041364,2.9799999999999995,1.0,0.09090909090909091,8.828000000000001,0.10550263908269125,0.273084035632274,0.18422528018474738,0.6636542677879333,26.802960984798506,call_54a09817b7e2,synthetic,train,vad
123.96,14.0,16.0,1.8742857142857159,1.00024078733726,0.5336650542195743,0.2116811874798324,0.59486931268151,2.0,0.14285714285714285,1.0,3.039999999999991,0.024524040012907318,2.4769230769230766,1.1999999999999957,5.052000000000001,3.0217554363581063,1.1199999999999992,0.0,0.0,6.726153846153844,0.17755790765454824,0.3030970712582714,0.24392645412329733,0.9003131985664368,47.362659006865286,call_565b6523733e,human,train,vad
153.6,23.0,19.0,1.5573913043478265,1.471625003602729,0.9449295109676928,0.233203125,0.5174479166666667,5.0,0.21739130434782608,1.0,2.3199999999999816,0.015104166666666547,3.2427272727272736,2.1600000000000006,6.086000000000002,2.6010577949927542,2.3600000000000003,3.0,0.13043478260869565,4.744545454545454,0.209106328287138,0.3536199772977017,0.2832625205200037,1.07228422164917,47.27501478891623,call_568b5e814bc3,human,train,vad
134.38,12.0,11.0,2.6783333333333346,2.6542602024334805,0.9910118988550638,0.23917249590712916,0.4994790891501714,3.0,0.25,0.0,1.3200000000000012,0.009822890311058203,6.310909090909089,3.319999999999993,18.700000000000003,6.279231937029265,2.040000000000001,1.0,0.08333333333333333,8.183636363636364,0.16199567145311589,0.29583930735638725,0.24624611324362075,0.7847260236740112,61.836464321627254,call_569ffb0869eb,human,val,vad
159.18,14.0,21.0,2.03142857142857,1.9397895951544304,0.9548893928327021,0.17866566151526558,0.5235582359592914,1.0,0.07142857142857142,1.0,1.1399999999999864,0.00716170373162449,3.0471428571428594,2.3799999999999955,5.2899999999999965,1.344610557380986,2.219999999999999,0.0,0.0,7.886153846153848,0.16494275003430128,0.32620567572943193,0.24018099742335286,0.6786199808120728,64.71508796721102,call_56f58de34ea0,synthetic,train,vad
147.56,8.0,14.0,4.737499999999999,2.5786127568908057,0.5442982072592731,0.2568446733532122,0.5280563838438601,1.0,0.125,0.0,0.5400000000000063,0.0036595283274600586,2.712499999999999,2.440000000000005,3.4699999999999926,0.8411859188074885,2.7600000000000007,1.0,0.125,14.062857142857142,0.11389123977365129,0.2999193158583722,0.19863189285779834,0.6651576161384583,28.470771467927744,call_578504f9f39e,synthetic,train,vad
173.08,16.0,20.0,1.8149999999999984,1.3683658136624144,0.753920558491689,0.16778368384562037,0.5764964178414601,3.0,0.1875,0.0,1.6799999999999926,0.009706494106771392,3.589999999999999,2.549999999999997,6.890000000000001,2.3974152748324604,2.0200000000000005,1.0,0.0625,7.340000000000002,0.15296186565483305,0.313444107296174,0.22925968244991973,0.8084433674812317,38.00742247324089,call_57f113803718,human,train,vad
145.54,15.0,18.0,1.8386666666666693,1.0874671897987949,0.5914433592089159,0.18950116806376283,0.4261371444276487,0.0,0.0,3.0,0.8000000000000114,0.005496770647244822,4.477333333333334,4.540000000000006,6.591999999999997,1.793794736182364,5.320000000000001,0.0,0.0,7.445714285714282,0.12296760481800229,0.23633268276750857,0.1883632959265504,0.9628065228462219,43.13134812183206,call_5823cd70919d,synthetic,train,vad
149.58,15.0,19.0,2.837333333333333,2.1562296311437286,0.7599493530816713,0.2845300173820029,0.4353523198288538,0.0,0.0,2.0,1.0,0.0066853857467575875,3.8066666666666666,3.0,6.735999999999998,1.7626293490754728,3.119999999999999,0.0,0.0,6.770000000000001,0.13327540549486924,0.2509544712660473,0.21370095390832047,0.8555775284767151,39.771624125388456,call_58a0f7394bc3,synthetic,train,vad
133.64,17.0,19.0,1.5388235294117627,1.4886467694360033,0.9673927783032144,0.19574977551631223,0.5782699790481891,3.0,0.17647058823529413,2.0,3.139999999999998,0.02349595929362465,2.132500000000002,1.6799999999999997,3.6000000000000014,1.9804024212265532,1.9,1.0,0.058823529411764705,5.311250000000003,0.1644644471371146,0.2571233106140358,0.2197676713097352,0.8796001076698303,48.804481326272395,call_58ed2170e352,human,val,vad
144.06,18.0,20.0,1.717777777777779,1.169708204617978,0.6809426805667397,0.21463279189226722,0.5450506733305567,2.0,0.1111111111111111,1.0,1.480000000000011,0.010273497153963702,3.028888888888888,2.38,4.897999999999994,2.4258077437992775,1.62,2.0,0.1111111111111111,5.72705882352941,0.17731292766075163,0.3180954606215883,0.25410914562540354,0.86479252576828,44.649654967084594,call_5a6307557d57,human,train,vad
145.16,18.0,12.0,2.4566666666666666,1.8091772224473264,0.7364357757587489,0.3046293744833287,0.4098925323780654,2.0,0.1111111111111111,0.0,1.5,0.010333425186001654,8.764444444444447,6.470000000000002,17.598000000000003,5.50092337927837,5.28,0.0,0.0,4.027058823529412,0.11131591897573312,0.27480695619964035,0.18630031769344033,0.7074310183525085,38.993005103711276,call_5a7a7e3c9588,synthetic,train,vad
65.64,15.0,10.0,1.1119999999999999,1.0051547144594213,0.903916110125379,0.2541133455210238,0.6422912858013408,7.0,0.4666666666666667,1.0,4.999999999999999,0.0761730652041438,2.7414285714285715,1.75,4.816000000000002,2.671312831717387,2.54,1.0,0.06666666666666667,3.1399999999999997,0.1470021971052572,0.2550883904844132,0.20349836347019426,1.1149873733520508,42.31826013459796,call_5c9d19646f57,human,train,vad
129.04,9.0,14.0,2.4777777777777765,1.6377340564042064,0.6609689016877967,0.1728146311221326,0.5441723496590202,0.0,0.0,0.0,0.0,0.0,3.860000000000001,3.1799999999999997,6.112000000000003,1.6307053688511615,3.2800000000000002,0.0,0.0,8.925,0.15570973291592632,0.3160092001049214,0.23056764774686525,0.6496993899345398,62.300016242108924,call_5d86f0ca06aa,synthetic,train,vad
96.24,25.0,4.0,1.1031999999999993,0.8052762010639577,0.7299457950180912,0.2865752285951786,0.12551953449709063,4.0,0.16,0.0,2.24,0.023275145469659187,17.5696,16.08,35.43200000000001,12.653047847850731,1.0599999999999996,12.0,0.48,2.681666666666667,0.16402369778483178,0.32126198227018693,0.23040361551079688,0.8060356378555298,68.29584318691353,call_5e4539a471f6,synthetic,val,vad
111.84,19.0,16.0,1.4273684210526314,1.6804662326279485,1.1773177883455392,0.24248927038626605,0.5069742489270387,7.0,0.3684210526315789,2.0,3.140000000000004,0.028075822603719637,4.425263157894738,2.520000000000003,11.963999999999997,4.194245893478164,1.540000000000001,4.0,0.21052631578947367,3.5122222222222224,0.16858685367618412,0.29187267013211465,0.22582992120554524,0.7979021072387695,48.29555920304366,call_5f7a4b3e8ca9,human,train,vad
153.18,13.0,24.0,2.306153846153845,1.7030539919240062,0.7384823847569076,0.1957174565870217,0.5434129781955869,2.0,0.15384615384615385,1.0,2.240000000000002,0.01462331897114507,2.0646153846153843,2.120000000000001,2.528000000000003,0.42202106007630513,1.8399999999999999,2.0,0.15384615384615385,7.278333333333333,0.15768164101014934,0.2824944445978958,0.23800392243670537,0.9094695448875427,37.22280540170552,call_6058d9c5c82f,synthetic,val,vad
211.48,19.0,30.0,1.370526315789473,1.0102082832877928,0.7370951375755789,0.12313221108379037,0.6580291280499333,6.0,0.3157894736842105,0.0,2.3200000000000056,0.010970304520522063,2.8166666666666687,1.740000000000002,6.628000000000001,2.574915316838378,1.3399999999999999,5.0,0.2631578947368421,9.001111111111111,0.17558376566288922,0.3590372146271622,0.2536510166905633,0.8111079931259155,46.6077614545282,call_60ffdefc5f5a,human,train,vad
183.52,26.0,28.0,2.1338461538461533,1.68587588949866,0.7900644038746426,0.30231037489102,0.4509590235396686,4.0,0.15384615384615385,3.0,5.099999999999994,0.02778988666085437,3.2738461538461547,2.4299999999999997,6.18,3.1772981711886987,1.7000000000000002,4.0,0.15384615384615385,4.4272,0.19361274729859024,0.3707937668809653,0.26319547799923815,0.8506290316581726,76.134638046938,call_624a4731ab56,human,train,vad
122.26,11.0,19.0,1.7963636363636342,1.0312152824108487,0.5740570904108983,0.16162277114346454,0.5516113201374118,1.0,0.09090909090909091,0.0,1.1799999999999997,0.009651562244397184,1.452000000000002,1.3700000000000045,1.6859999999999982,0.4270081966426398,1.4399999999999995,0.0,0.0,8.088000000000001,0.136932498153948,0.2674631218640577,0.18946061058376806,0.8168520927429199,60.01165627293504,call_63a156c6b8d9,human,train,vad
146.64,28.0,27.0,1.4007142857142842,1.4024517525987648,1.001240414909879,0.2674577195853789,0.5406437534097109,14.0,0.5,1.0,8.960000000000008,0.06110201854882712,3.4838461538461543,1.3500000000000014,9.25,4.8303751064114095,0.3599999999999999,4.0,0.14285714285714285,3.942962962962964,0.2590360672570915,0.35638362725263073,0.3065553191983103,1.1109031438827515,61.125753758228235,call_64637c20ee66,human,val,vad
131.78,25.0,19.0,1.2095999999999996,0.9729644597825751,0.8043687663546424,0.22947336469874025,0.5911367430566095,13.0,0.52,3.0,10.440000000000007,0.07922294733646992,4.525,2.6500000000000057,10.785999999999998,3.8807613084720036,0.96,7.0,0.28,4.1016666666666675,0.30256109286615135,0.34039617751850826,0.33921380987446625,1.307943344116211,47.14494839442406,call_65a7cdefc22d,human,train,vad
184.58,12.0,26.0,3.5283333333333307,3.298084882001807,0.934742999150253,0.22938563224618033,0.4717737566366886,0.0,0.0,3.0,1.019999999999973,0.0055260591613391094,3.891666666666666,3.610000000000001,5.476,1.0498716852813756,4.279999999999999,0.0,0.0,11.778181818181821,0.11019509630038948,0.2975094654951393,0.1966938102996225,0.6836456060409546,26.392508166302328,call_6756c4a91509,synthetic,train,vad
166.7,15.0,18.0,3.018666666666668,1.9305193313947608,0.6395271636687588,0.27162567486502714,0.4725854829034193,1.0,0.06666666666666667,0.0,0.2400000000000091,0.001439712057588537,4.9466666666666645,2.5,10.747999999999994,4.250293584631013,2.5,0.0,0.0,7.497142857142856,0.14719314620974733,0.289481067174474,0.22456769277441158,0.7186843156814575,43.37688919282983,call_678ee1dd2242,human,val,vad
158.86,7.0,22.0,1.7171428571428566,0.8635758596128774,0.5029143941173164,0.07566410676066974,0.4315749716731715,1.0,0.14285714285714285,0.0,0.7199999999999989,0.004532292584665736,2.4885714285714284,1.9599999999999937,4.192000000000005,1.1145713919507838,1.6600000000000001,0.0,0.0,16.139999999999997,0.13289172134492827,0.23378279778506275,0.20166945380189824,0.8497909307479858,41.34705241849813,call_68544c09a58b,synthetic,train,vad
97.42,9.0,11.0,2.0355555555555567,1.4561983313570017,0.7153812763216708,0.18805173475672357,0.5333607062204886,0.0,0.0,0.0,0.0,0.0,4.888888888888888,3.6799999999999997,11.004,3.8384847833616282,1.7800000000000011,0.0,0.0,7.027499999999999,0.1483892230369943,0.2621160510025155,0.21273849191644556,0.7486231327056885,59.3582877973983,call_6971b2685c1d,human,val,vad
152.04,11.0,20.0,3.0599999999999996,2.839577433351659,0.9279664814874703,0.2213891081294396,0.48289923704288323,1.0,0.09090909090909091,0.0,0.45999999999999375,0.0030255196001051947,3.192727272727272,2.3200000000000074,3.9800000000000004,2.6045871803733687,3.9800000000000004,1.0,0.09090909090909091,8.565999999999999,0.12237431660295145,0.23442058259857979,0.19298733111589253,0.8412243723869324,40.052319624944325,call_6afd8cabf618,synthetic,train,vad
153.0,18.0,18.0,1.8177777777777762,1.3506029746234574,0.742996746430998,0.2138562091503266,0.5810457516339868,3.0,0.16666666666666666,1.0,1.5199999999999985,0.009934640522875807,4.01764705882353,1.7399999999999949,9.008000000000003,5.065063183406807,1.9000000000000004,3.0,0.16666666666666666,7.002352941176472,0.2334271347511187,0.3821045455733791,0.2974284611017331,0.9639643430709839,35.25925078296711,call_6b0cc9c966a1,human,train,vad
162.5,32.0,10.0,1.2187499999999991,1.138551025426618,0.934195713170559,0.23999999999999977,0.29156923076923064,11.0,0.34375,1.0,7.999999999999975,0.04923076923076908,14.940000000000001,11.620000000000001,30.228000000000005,12.09463827487205,0.48,13.0,0.40625,3.827741935483872,0.16466698919529107,0.29220258888750017,0.23106879332938893,0.9820373058319092,58.39105043036475,call_6b31fbd81fc3,synthetic,train,vad
139.18,9.0,14.0,4.2511111111111095,3.5499121880984426,0.8350551409536329,0.27489581836470744,0.4270728552953011,1.0,0.1111111111111111,0.0,0.480000000000004,0.003448771375197614,4.540000000000001,4.159999999999997,6.5840000000000005,1.693963137471152,5.280000000000001,1.0,0.1111111111111111,10.845,0.22454112379054927,0.3460168777021905,0.3077929207946443,0.6959644556045532,52.48977468951179,call_6b6499e4474f,synthetic,train,vad
129.44,8.0,15.0,5.549999999999997,3.918456328709052,0.7060281673349647,0.34301606922126066,0.48315822002472186,2.0,0.25,1.0,2.8999999999999773,0.0224042027194065,1.9150000000000014,1.9100000000000001,2.129999999999997,0.1870160420926498,1.62,1.0,0.125,10.71714285714286,0.15375092073205282,0.31101744270293724,0.22545367769548538,0.7470822334289551,37.176270180799285,call_6c8d4490f8d7,synthetic,val,vad
153.5,21.0,24.0,1.3990476190476184,1.3222416203154133,0.9451012262295334,0.19140065146579796,0.5929641693811074,6.0,0.2857142857142857,0.0,2.5800000000000196,0.016807817589576675,4.546666666666666,3.8400000000000034,7.92,4.162066031527329,1.7200000000000006,3.0,0.14285714285714285,5.660000000000001,0.1767385505906127,0.291331489829784,0.2400939943742258,0.8384169340133667,44.368505870150486,call_6d88a2e95795,human,train,vad
131.88,22.0,14.0,1.9518181818181808,2.41538748324464,1.2375063957005614,0.3255990294206853,0.30709736123748865,7.0,0.3181818181818182,2.0,6.160000000000005,0.04670912951167732,10.152727272727272,3.4800000000000004,29.278000000000002,11.641573691581774,1.3800000000000003,8.0,0.36363636363636365,3.803809523809525,0.15067096694817692,0.2746318999202006,0.22156460109984527,0.8128064274787903,52.584439990507896,call_6dfa70c50ea5,synthetic,train,vad
165.04,17.0,18.0,2.7988235294117665,2.4995855711860835,0.8930843781034761,0.2882937469704316,0.5208434318952981,4.0,0.23529411764705882,0.0,2.4799999999999898,0.015026660203586948,4.2270588235294095,1.5400000000000063,9.887999999999998,5.868443790814698,1.7400000000000002,1.0,0.058823529411764705,6.671249999999997,0.20601119332947357,0.34758074294959385,0.2776642471838948,0.9235514402389526,52.06539686133372,call_6e83cb807322,human,train,vad
163.68,25.0,25.0,1.8383999999999998,1.2813108287999424,0.6969706422976188,0.28079178885630496,0.41483382209188663,3.0,0.12,4.0,3.5200000000000173,0.021505376344086127,4.6735999999999995,3.719999999999999,8.008000000000004,3.049903447652074,4.539999999999999,2.0,0.08,3.1291666666666664,0.17123448883634115,0.3201515667527758,0.24520540148453968,0.7557032704353333,41.688510018085836,call_70101b573bb2,synthetic,train,vad
170.0,23.0,17.0,2.4243478260869593,1.8258716229146101,0.7531392992653513,0.32800000000000035,0.37247058823529405,3.0,0.13043478260869565,2.0,3.660000000000011,0.021529411764705946,7.347826086956521,5.0,15.264000000000001,5.0074370399321735,4.120000000000001,0.0,0.0,4.62272727272727,0.12329344991563124,0.27960642314172407,0.20195593991634592,0.7593114972114563,38.78397078658277,call_70de89818ee5,synthetic,train,vad
211.42,29.0,27.0,1.3586206896551707,1.2918410389505217,0.9508474652173903,0.18635890644215283,0.623403651499385,10.0,0.3448275862068966,2.0,7.020000000000028,0.03320404881278984,3.094814814814813,1.6199999999999903,8.127999999999997,3.385203501044541,1.8199999999999994,6.0,0.20689655172413793,6.090714285714289,0.22301503687386265,0.3708528713430524,0.29000387540388173,0.9831801652908325,41.02752410561818,call_716d56beca2a,human,train,vad
101.24,12.0,18.0,1.9850000000000023,1.7109281107048304,0.861928519246765,0.23528249703674467,0.45851442117740016,3.0,0.25,1.0,1.9199999999999875,0.01896483603318834,3.0483333333333325,1.889999999999997,5.8580000000000005,2.7832529928524687,2.119999999999999,0.0,0.0,5.427272727272724,0.17764787267187343,0.323637314163428,0.25288848411717,0.8202307820320129,37.938255733234236,call_71fec5a6b017,synthetic,train,vad
103.24,13.0,19.0,2.050769230769232,2.9017619621890245,1.4149626972414588,0.2582332429290974,0.4918636187524216,11.0,0.8461538461538461,0.0,9.16000000000002,0.0887253002712129,2.750769230769229,2.5999999999999996,3.524000000000001,0.4953702816846515,1.9599999999999995,0.0,0.0,5.159999999999999,0.16778722982632452,0.32084308463536054,0.24188441067849817,0.7305372953414917,38.87924608683508,call_743448b8a861,synthetic,val,vad
148.14,27.0,24.0,1.154814814814817,1.3185355804139525,1.1417723114553127,0.21047657621169208,0.573106520858647,12.0,0.4444444444444444,2.0,6.520000000000033,0.0440124206831378,3.136,2.3200000000000003,6.0639999999999965,2.6013042882369617,3.64,6.0,0.2222222222222222,4.316153846153845,0.17710917738753676,0.3357102554686213,0.2486085062231722,1.3804713487625122,61.83879175989209,call_74b20933dd43,human,val,vad
140.48,27.0,20.0,1.4155555555555561,0.9130710626408545,0.6450266533569613,0.2720671981776766,0.5351651480637813,8.0,0.2962962962962963,4.0,9.800000000000017,0.06976082004555821,4.65923076923077,2.7799999999999976,10.26,4.227166647983314,0.8199999999999994,5.0,0.18518518518518517,2.8638461538461537,0.16807032440455622,0.44944909659629195,0.2726848316797729,1.0594333410263062,47.08267804928808,call_750153d8eb40,human,train,vad
150.04,14.0,20.0,2.048571428571428,1.9612345133426894,0.9573669172523591,0.191149026926153,0.5654492135430551,2.0,0.14285714285714285,1.0,1.259999999999998,0.008397760597174075,4.095714285714284,2.200000000000003,10.738000000000007,3.9291306095545844,2.160000000000001,1.0,0.07142857142857142,6.6061538461538465,0.17748217152180207,0.3371927135586086,0.25505010661783356,0.744746744632721,70.13832931995391,call_7519d635bbbb,synthetic,train,vad
143.68,13.0,18.0,3.7307692307692295,1.4561406395435095,0.39030573843434285,0.337555679287305,0.41745545657015554,0.0,0.0,1.0,0.0799999999999983,0.0005567928730512131,5.538461538461541,3.8800000000000097,10.456000000000003,4.136601812625069,2.5199999999999996,1.0,0.07692307692307693,4.666666666666667,0.12952603254879078,0.2524866040259486,0.2079227022926727,0.8384546041488647,37.718479476576015,call_7601ac7d4fbf,synthetic,train,vad
61.0,13.0,12.0,1.5030769230769219,0.9678158169927288,0.6438897451845181,0.3203278688524588,0.3406557377049178,2.0,0.15384615384615385,1.0,2.1599999999999895,0.035409836065573595,4.752307692307694,3.700000000000003,7.848000000000001,2.567147935104259,2.3400000000000007,0.0,0.0,2.551666666666668,0.1325518369028537,0.27437798815537917,0.20484713926675763,0.7329222559928894,50.79113144932253,call_76856257e3ef,synthetic,train,vad
179.7,29.0,16.0,1.500689655172414,1.3416868719290562,0.8940468585924316,0.24218141346688937,0.6343906510851421,15.0,0.5172413793103449,1.0,10.000000000000028,0.055648302726767,7.82068965517241,3.5600000000000023,19.971999999999998,8.758158336968464,0.08000000000000007,8.0,0.27586206896551724,4.35642857142857,0.13785608583055864,0.25564053889300903,0.19326362095464328,1.0036791563034058,37.52832260207926,call_7744ab92baa3,human,train,vad
155.86,37.0,12.0,0.8778378378378375,0.5337026965437099,0.6079741309149407,0.20839214679840876,0.26087514436032333,5.0,0.13513513513513514,0.0,3.6199999999999903,0.023225972026177273,12.396756756756757,10.299999999999999,28.488000000000003,9.867823236525837,0.6400000000000001,9.0,0.24324324324324326,3.2861111111111114,0.1738583201660625,0.3289787579824631,0.23447707669773615,0.669264018535614,68.31809639640332,call_794031bf2233,synthetic,train,vad
152.14,20.0,18.0,1.9659999999999997,1.8023773189873415,0.9167738143374068,0.25844616800315495,0.4892861837780991,3.0,0.15,0.0,2.2599999999999874,0.014854739056132427,5.132,2.8099999999999934,11.154000000000003,4.898021641438511,1.7399999999999984,0.0,0.0,5.369473684210527,0.12477206856177661,0.2701734536938493,0.1922971081869682,0.7152976393699646,36.93988574694527,call_7a250598cb8b,synthetic,train,vad
130.96,9.0,15.0,3.38222222222222,2.742398697725035,0.8108274730461673,0.23243738546120934,0.5183262064752595,0.0,0.0,0.0,0.0,0.0,2.7000000000000024,2.0,3.4640000000000004,2.036336579906835,1.88,0.0,0.0,11.152500000000002,0.11933972601606854,0.21615502049849464,0.1843653697886497,0.8319512009620667,40.183105243598575,call_7a345e2b0f37,synthetic,train,vad
242.82,27.0,23.0,2.2977777777777773,1.6322430223317266,0.7103572147478502,0.25549789967877434,0.4116629602174455,3.0,0.1111111111111111,2.0,3.3600000000000207,0.013837410427477229,5.677037037037036,5.199999999999996,9.072000000000006,2.6714163462336913,4.740000000000001,1.0,0.037037037037037035,6.444615384615385,0.10139127120259196,0.22104407946783997,0.15712902708600146,0.7268309593200684,33.07640064718974,call_7ae75e4aa32f,synthetic,train,vad
80.42,17.0,3.0,0.7294117647058825,0.364037337907808,0.49908344713167213,0.15419049987565286,0.1288236757025616,3.0,0.17647058823529413,1.0,3.260000000000005,0.04053717980601847,17.823529411764707,19.72,30.664,11.250190555864048,1.5400000000000005,12.0,0.7058823529411765,3.7324999999999995,0.20273889227023736,0.3478598659787112,0.26284153599804755,1.3881816864013672,74.90717359865126,call_7b14e69a57bd,synthetic,train,vad
124.74,11.0,18.0,2.061818181818182,1.2270720374631503,0.595140758910699,0.18181818181818182,0.5326278659611993,1.0,0.09090909090909091,3.0,1.8200000000000074,0.014590347923681317,3.1836363636363627,2.6799999999999997,4.439999999999998,1.4290955355002597,2.6799999999999997,1.0,0.09090909090909091,6.719999999999999,0.1557962574734063,0.30667387584946293,0.22712644983701322,0.7408848404884338,42.257132909918916,call_7b1e73c133f8,synthetic,val,vad
131.56,10.0,17.0,3.4720000000000013,1.894818197083828,0.5457425682845125,0.26391000304043793,0.49635147461234413,0.0,0.0,0.0,0.0,0.0,2.625999999999999,1.9799999999999978,3.539999999999999,1.5783801823388437,2.08,0.0,0.0,9.517777777777777,0.15107381966785496,0.3089195328042914,0.21935914235183077,0.8416438698768616,48.1434869518436,call_7d4f3b80384e,synthetic,train,vad
128.16,11.0,17.0,2.7818181818181826,1.602576438011435,0.5760895692197967,0.2387640449438203,0.5057740324594256,0.0,0.0,0.0,0.0,0.0,4.112727272727272,2.6000000000000005,6.5200000000000005,2.6833801306598057,2.6000000000000005,0.0,0.0,6.017999999999999,0.1285608583055864,0.250832553070509,0.2102542797160374,0.8398063778877258,41.00881865884781,call_7d5b26105bb5,synthetic,train,vad
127.54,15.0,16.0,1.8613333333333342,1.6368500915545747,0.879396539158976,0.21891171397208728,0.5065077622706601,2.0,0.13333333333333333,0.0,1.0400000000000056,0.008154304531911601,3.7085714285714286,1.4199999999999955,6.742000000000001,5.226666319589048,1.2600000000000007,0.0,0.0,6.827142857142856,0.22098628606440684,0.33910117578920596,0.28892283887076364,1.0481479167938232,48.98100986840243,call_7f82debeb19b,human,train,vad
153.58,8.0,24.0,3.354999999999997,2.1939633087178123,0.6539383930604513,0.17476233884620376,0.5753353301211097,0.0,0.0,1.0,0.8800000000000097,0.0057299127490559295,2.2375000000000016,2.0900000000000016,2.6980000000000026,0.27882566237705003,2.0600000000000005,0.0,0.0,12.622857142857145,0.11815651098051345,0.2301920714744229,0.1691784870601927,0.7635098099708557,30.214547669504046,call_802282383eb2,synthetic,train,vad
111.44,15.0,17.0,2.0519999999999987,1.7586328023022149,0.8570335293870448,0.2762024407753049,0.4468772433596553,2.0,0.13333333333333333,1.0,1.5599999999999952,0.013998564249820489,3.8480000000000008,2.4399999999999977,7.308000000000002,2.2026989505301593,2.1000000000000014,0.0,0.0,4.960000000000001,0.12113150334489847,0.2697344241106778,0.195295273888166,0.6714787483215332,36.75177977266363,call_810c24005ecc,synthetic,val,vad
130.34,15.0,18.0,1.5306666666666682,1.2073302043029581,0.7887610219749283,0.17615467239527408,0.5496394046340337,4.0,0.26666666666666666,2.0,2.1999999999999993,0.01687893202393739,4.446666666666666,3.139999999999997,6.791999999999997,3.635496603705682,2.2799999999999994,3.0,0.2,5.285714285714284,0.13101264435824952,0.26230850219812446,0.21475718275269726,0.7646041512489319,32.26884940600884,call_810e3066a7b4,synthetic,val,vad
131.88,18.0,21.0,1.5655555555555563,1.5084621389651638,0.9635315295022333,0.21367910221413416,0.5235062177737335,5.0,0.2777777777777778,3.0,4.98,0.03776160145586897,2.4933333333333336,2.029999999999994,3.632000000000004,1.670262787042141,1.839999999999999,4.0,0.2222222222222222,5.4929411764705875,0.12495145761077708,0.24225732112784834,0.1866584305577828,0.8095523715019226,48.68344436416624,call_81b12145be34,synthetic,train,vad
168.82,14.0,21.0,3.080000000000002,1.7110063872302912,0.5555215542955487,0.25541997393673754,0.5366662717687479,0.0,0.0,2.0,1.6400000000000006,0.009714488804644003,2.429999999999999,1.620000000000001,4.9760000000000035,1.5964916893882426,1.040000000000001,0.0,0.0,8.033846153846154,0.20783888169332912,0.360106037125304,0.28026955776372386,0.971377432346344,62.79206040825117,call_81b98c77cf99,human,train,vad
138.36,15.0,16.0,2.329333333333332,1.5844556022670848,0.6802184898112846,0.25252963284186164,0.5137322925701069,0.0,0.0,4.0,2.259999999999998,0.016334200636021954,4.057333333333333,2.96,7.252000000000004,2.69843279619033,2.96,2.0,0.13333333333333333,4.491428571428573,0.1356503331857308,0.27402095388927156,0.21694680984142875,0.9201222062110901,37.07533136056525,call_850d796d23a7,synthetic,train,vad
167.42,15.0,20.0,4.225333333333335,4.256273591874574,1.0073225603994729,0.37856886871341555,0.40795603870505337,2.0,0.13333333333333333,3.0,2.039999999999999,0.012184924142874204,2.7746666666666657,2.079999999999984,4.843999999999999,1.8209516437535866,1.7000000000000002,0.0,0.0,6.70142857142857,0.11247720150594101,0.22940725077895058,0.1662289547310855,0.7415734529495239,32.182131747786755,call_8570ae0e7d61,synthetic,train,vad
127.54,11.0,17.0,2.7072727272727266,0.9970236699031293,0.3682760365659646,0.23349537400031356,0.5212482358475774,0.0,0.0,0.0,0.0,0.0,2.794545454545455,1.620000000000001,5.819999999999993,1.9397111483009437,1.1799999999999997,0.0,0.0,8.186000000000002,0.12019379010014741,0.22021132793417655,0.1798071787659021,0.7768905758857727,48.73380630323865,call_8834a90f11cd,human,train,vad
175.92,8.0,18.0,7.709999999999998,5.6378542017331394,0.7312391960743373,0.35061391541609815,0.5071623465211459,2.0,0.25,1.0,1.1199999999999903,0.00636653024101859,4.637500000000001,1.8000000000000114,8.861999999999977,7.404548855264581,1.58,1.0,0.125,10.577142857142858,0.21237631435120607,0.3315198204799832,0.303101172432994,0.6753007769584656,48.340388523691,call_8893de2fe204,synthetic,train,vad
131.34,9.0,18.0,3.4044444444444446,2.8331651366198254,0.8321960257695309,0.2332876503730775,0.49474645957058017,2.0,0.2222222222222222,1.0,1.0799999999999912,0.008222932846048357,3.4755555555555557,3.740000000000002,4.807999999999995,1.4793024715956962,4.4,1.0,0.1111111111111111,7.545,0.11582672381233887,0.2325618217537595,0.16796257769883693,0.7781031727790833,35.09969037577111,call_88cd54e1e505,synthetic,train,vad
142.46,8.0,15.0,6.300000000000001,6.949115051573115,1.1030341351703354,0.35378351818054193,0.48083672609855416,2.0,0.25,0.0,1.460000000000008,0.010248490804436388,2.0224999999999973,2.000000000000004,2.287999999999998,0.23967425810879245,1.8999999999999995,0.0,0.0,11.679999999999996,0.12605820105820106,0.24836289827498995,0.18973471595258065,0.7758091688156128,38.54604676967016,call_88d7858b7921,synthetic,train,vad
152.82,18.0,20.0,1.900000000000001,1.5628179676469052,0.8225357724457392,0.22379269729093063,0.555424682633163,4.0,0.2222222222222222,2.0,3.3600000000000065,0.021986650961916022,2.8833333333333337,1.6700000000000008,5.420000000000002,3.536522145963303,1.5600000000000005,3.0,0.16666666666666666,5.868235294117646,0.14540439148184928,0.2608268611646701,0.2115543544531174,0.9010747671127319,46.75063384491402,call_893d552b156a,human,train,vad
135.92,15.0,15.0,2.6946666666666697,2.089854434058876,0.7755521155587111,0.29738081224249596,0.5008828722778104,4.0,0.26666666666666666,1.0,1.9400000000000146,0.014273101824602816,6.735384615384613,1.7399999999999993,15.328000000000005,7.9806271349722655,1.7399999999999993,0.0,0.0,6.707142857142855,0.18262022350228263,0.30698582183201795,0.2452174230303534,0.7911728620529175,49.825191864931654,call_8a3996f823e4,human,train,vad
182.72,14.0,27.0,4.152857142857145,4.346168145737164,1.0465489171021718,0.31819176882662015,0.4631129597197895,7.0,0.5,2.0,8.080000000000018,0.04422066549912444,3.362857142857141,3.3600000000000065,4.253999999999997,0.8236801439829902,3.54,1.0,0.07142857142857142,6.483076923076921,0.22168134604608697,0.3358499227297492,0.3090051739177298,0.7020578980445862,54.950309583158024,call_8a570a10920b,synthetic,train,vad
174.34,34.0,29.0,1.085882352941177,0.9301047304946805,0.856542817898676,0.21177010439371352,0.5288516691522307,13.0,0.38235294117647056,1.0,5.940000000000005,0.034071354823907336,4.288124999999999,3.240000000000002,11.845999999999993,3.844700441435586,1.12,3.0,0.08823529411764706,3.893333333333332,0.18353127959824744,0.3656702877328584,0.258393015529669,1.4046289920806885,54.16795304228821,call_8a61615c9927,human,train,vad
133.92,17.0,27.0,2.368235294117649,2.3155236615050208,0.9777422316340119,0.30062724014336945,0.5689964157706089,9.0,0.5294117647058824,3.0,9.340000000000003,0.06974313022700122,2.6537499999999996,1.6200000000000019,6.16,2.8985058111896205,1.8199999999999998,3.0,0.17647058823529413,5.167499999999998,0.251950372890676,0.324420055520181,0.3002346912132222,0.9735723733901978,46.1610618430564,call_8a9391c1823b,human,train,vad
141.74,17.0,20.0,1.9764705882352938,1.231531524644729,0.6230963071119165,0.23705376040637782,0.4518131790602512,1.0,0.058823529411764705,2.0,0.7800000000000082,0.005503033723719544,3.8800000000000003,3.1599999999999966,6.728000000000001,2.162188433862648,2.5999999999999996,0.0,0.0,6.030000000000001,0.1339061096136568,0.2626057937608276,0.21108858027537336,0.9501473903656006,46.28285350948754,call_8ade6f74aa33,synthetic,train,vad
160.72,14.0,19.0,2.049999999999998,1.6852426701050665,0.8220695951732039,0.1785714285714284,0.5042309606769537,1.0,0.07142857142857142,2.0,1.140000000000006,0.007093081134893018,4.55,4.230000000000004,6.2379999999999995,1.8385203678113393,4.5,1.0,0.07142857142857142,7.31846153846154,0.10730392479126948,0.24837745645428683,0.1681178942241701,0.7456873655319214,29.242367999170355,call_8ae3fce602f3,synthetic,train,vad
130.84,10.0,15.0,4.216000000000003,2.7554716474679974,0.6535748689440217,0.32222561907673514,0.44848670131458257,0.0,0.0,2.0,0.6600000000000037,0.0050443289513910404,2.576,2.1400000000000006,3.1979999999999995,1.505052822993267,1.54,1.0,0.1,8.748888888888887,0.13468010454333895,0.2407837966706139,0.20493033566260416,0.8612345457077026,38.31075485666712,call_8c2ebe3761bb,synthetic,train,vad
150.88,9.0,20.0,7.142222222222222,6.983710853403842,0.9778064356041472,0.426033934252386,0.35538176033934255,1.0,0.1111111111111111,1.0,0.6999999999999993,0.004639448568398723,4.944444444444445,2.6999999999999993,12.527999999999999,4.543466887523742,2.6999999999999993,0.0,0.0,9.342500000000001,0.12080402954057132,0.28420289201729887,0.18935647810180575,1.173946499824524,53.56799874877448,call_8c6b33721067,synthetic,train,vad
175.7,12.0,20.0,3.8933333333333344,3.979600761662183,1.022157729878985,0.26590779738190107,0.5043824701195215,1.0,0.08333333333333333,1.0,0.8200000000000003,0.004667046101309052,2.556666666666666,1.970000000000006,2.7839999999999847,1.5255345147047819,2.420000000000001,1.0,0.08333333333333333,10.523636363636362,0.1339251098475058,0.2848532504145049,0.20973760745831838,0.6893910765647888,38.648672100567694,call_8cafd2754e55,synthetic,val,vad
135.4,15.0,20.0,1.7519999999999996,1.0766317847806646,0.6145158588930736,0.19409158050221562,0.47651403249630697,1.0,0.06666666666666667,2.0,1.299999999999983,0.00960118168389943,5.842666666666667,5.040000000000006,9.032000000000002,2.318239178533761,4.92,0.0,0.0,6.8428571428571425,0.11050324038176196,0.23365460516443373,0.1661430445470911,0.7784509658813477,35.61269065500024,call_8d3ea77f4bb4,synthetic,train,vad
141.64,13.0,25.0,2.2815384615384646,1.6169955337640902,0.7087303418386091,0.20940412312905987,0.5499858796950012,1.0,0.07692307692307693,1.0,1.1400000000000006,0.008048573849195148,2.381538461538462,1.1000000000000014,5.936000000000002,2.3408671836731,1.58,1.0,0.07692307692307693,7.9849999999999985,0.14976441600189994,0.26894293715294226,0.2078851039269056,1.0077736377716064,50.30877925120617,call_8d6cd93e02b8,human,train,vad
163.74,12.0,23.0,3.791666666666668,3.2490558457633343,0.8568938494320879,0.2778795651642849,0.521558568462196,5.0,0.4166666666666667,1.0,3.879999999999991,0.023696103578844455,2.373333333333334,2.3000000000000007,3.050000000000003,0.5164192956202253,1.9400000000000004,0.0,0.0,10.16,0.15474186191167325,0.3141602011442061,0.22890233763639029,0.7124771475791931,38.254719282267274,call_8d75a71e6126,synthetic,val,vad
185.04,14.0,25.0,2.07857142857143,1.8132916286720804,0.8723739794298663,0.1572632944228276,0.6194336359706012,4.0,0.2857142857142857,0.0,1.4400000000000035,0.007782101167315194,2.08153846153846,1.2399999999999949,2.7119999999999997,2.4922830008273524,2.9399999999999995,2.0,0.14285714285714285,11.786153846153844,0.13487216062590504,0.2664007226026721,0.20594615588347703,0.8150452375411987,40.5153830336858,call_8da8b9947630,human,val,vad
128.44,10.0,20.0,3.039999999999999,2.4405900925800714,0.8028256883487079,0.2366863905325443,0.5144814699470569,1.0,0.1,1.0,1.1199999999999974,0.008720024914356878,2.6499999999999995,2.2499999999999964,2.960000000000001,1.4418668454472472,2.1799999999999997,0.0,0.0,9.631111111111112,0.17096573982125124,0.3532072861357414,0.24932695613267425,0.7214088439941406,52.36055443875794,call_8e6c9fa78a21,synthetic,train,vad
167.34,12.0,19.0,3.84166666666667,4.3525966068798745,1.1329969475609207,0.27548703238914807,0.4657583363212622,2.0,0.16666666666666666,1.0,1.3600000000000207,0.008127166248356762,2.1683333333333326,2.199999999999992,2.841999999999996,0.5016279054793039,1.7800000000000011,2.0,0.16666666666666666,9.059999999999997,0.10825522858429174,0.29229312850445216,0.1944948209710444,0.6672343611717224,29.567351726784437,call_8ed994ce484f,synthetic,train,vad
126.94,12.0,19.0,3.004999999999997,2.8337504594912137,0.9430118001634665,0.2840712147471243,0.47487001733102263,4.0,0.3333333333333333,0.0,3.6999999999999886,0.02914762880100826,2.4083333333333354,2.010000000000005,4.6680000000000055,1.789310078090312,1.5600000000000005,0.0,0.0,7.35636363636364,0.134733515419793,0.24637193681595054,0.2072788662291186,0.9079477190971375,37.46982321342555,call_8ee1e10130a2,synthetic,train,vad
119.74,10.0,15.0,3.937999999999999,3.7218860810078533,0.9451208941106791,0.32887923834975774,0.4616669450476033,2.0,0.2,0.0,1.3199999999999932,0.011023885084349367,3.578000000000003,2.280000000000001,4.851999999999999,3.4981189230785157,2.12,1.0,0.1,7.755555555555556,0.12216398197214051,0.2797518956299891,0.1882747441766065,1.2680668830871582,55.32628206975703,call_8f8e2145bc91,synthetic,train,vad
143.36,9.0,17.0,5.435555555555556,4.807297950017962,0.8844170390466406,0.3412388392857143,0.4510323660714286,1.0,0.1111111111111111,2.0,1.2599999999999962,0.008789062499999972,3.999999999999997,2.1600000000000037,5.771999999999997,5.314943294356226,1.8599999999999994,2.0,0.2222222222222222,10.442499999999997,0.10690024015592137,0.2872431067236454,0.19044950629079815,0.6881148815155029,24.427369874015262,call_9083846f078a,synthetic,train,vad
132.56,13.0,20.0,2.4907692307692284,2.7561691963762422,1.106553414233823,0.24426674713337332,0.5138805069402536,5.0,0.38461538461538464,0.0,4.27999999999998,0.03228726614363292,1.9,1.8799999999999955,2.1720000000000055,0.20961503175693832,1.88,2.0,0.15384615384615385,6.993333333333336,0.13017197509138725,0.22738329972048596,0.20057128662034795,0.7866056561470032,37.57462066719391,call_91a25cd95998,synthetic,train,vad
149.72,13.0,22.0,1.790769230769232,1.3153909131653092,0.7345395992761601,0.1554902484637992,0.472882714400214,1.0,0.07692307692307693,0.0,0.37999999999999545,0.002538071065989817,2.590769230769229,2.620000000000001,3.9959999999999996,1.1194673289523545,3.0200000000000005,1.0,0.07692307692307693,9.146666666666665,0.14718277896647863,0.2861675320638764,0.20540509550881597,0.7812182903289795,39.839755097454,call_924e8a27e4de,human,train,vad
234.2,43.0,23.0,1.5618604651162804,2.091238929343028,1.3389409464227238,0.28676345004269876,0.3622544833475662,19.0,0.4418604651162791,2.0,13.519999999999996,0.05772843723313406,12.270697674418605,7.760000000000019,28.715999999999998,11.173576262325083,1.6800000000000002,15.0,0.3488372093023256,3.8233333333333324,0.1609841887017205,0.29871511288451197,0.23356567155824082,0.9866716265678406,53.42508838423327,call_925ba94f05a4,synthetic,val,vad
171.78,12.0,20.0,4.494999999999998,5.534968382926863,1.231361153042684,0.3140062871114215,0.4843404354406798,4.0,0.3333333333333333,1.0,2.0600000000000023,0.011992082896728387,2.470000000000001,2.1799999999999997,2.7260000000000093,0.8973479444080389,1.7600000000000007,2.0,0.16666666666666666,7.174545454545455,0.1244686035963556,0.22173057949742425,0.1729777171799699,0.8458976149559021,42.61638015871403,call_927c1f5f2007,synthetic,train,vad
152.18,7.0,24.0,2.0971428571428583,1.0602656578924556,0.5055762673874105,0.09646471284005788,0.4702326192666579,1.0,0.14285714285714285,0.0,1.0,0.006571165724799579,3.365714285714288,3.0400000000000063,5.844000000000001,1.8401153468725584,1.8600000000000012,0.0,0.0,15.806666666666665,0.15750689767449833,0.27813351868380215,0.22096176082171826,0.8029977679252625,58.7453024659832,call_9491f635b944,synthetic,train,vad
168.5,30.0,25.0,1.402,1.0767153755751786,0.7679852892832943,0.24961424332344212,0.49958456973293774,7.0,0.23333333333333334,2.0,7.16000000000002,0.042492581602374006,2.7896551724137924,1.6000000000000085,5.687999999999996,2.480770851776714,0.08000000000000007,3.0,0.1,4.2331034482758625,0.19251324104229656,0.3416856925133832,0.2653480458492254,1.0807465314865112,54.391170257558564,call_94a8c8502249,human,train,vad
148.6,13.0,16.0,4.015384615384615,4.043457422676057,1.006991312160704,0.351278600269179,0.4388963660834453,3.0,0.23076923076923078,1.0,3.079999999999984,0.020726783310901643,3.978461538461542,2.480000000000004,10.00000000000001,4.096763912677055,2.079999999999999,0.0,0.0,6.591666666666669,0.1578447673437914,0.28382672098512757,0.2357825184357772,0.9423704147338867,32.77475163180123,call_957a8384caff,synthetic,val,vad
226.38,23.0,35.0,2.28608695652174,1.8279989989780219,0.799619189358967,0.23226433430515073,0.4908560826928173,6.0,0.2608695652173913,3.0,4.339999999999968,0.01917130488559046,3.4782608695652173,1.8199999999999994,8.895999999999997,3.3927180999694198,1.8199999999999994,4.0,0.17391304347826086,6.885454545454544,0.15146969816583775,0.2908938989784325,0.22273327443243626,0.7751215100288391,41.565908449296174,call_95ccefc6e4ce,human,val,vad
135.88,10.0,17.0,2.6539999999999973,1.7645180645150689,0.6648523227261005,0.19531939947012047,0.590668236679423,1.0,0.1,0.0,0.8399999999999892,0.0061819252281423995,1.9580000000000009,1.2400000000000055,4.340000000000006,1.562291906143024,1.3200000000000003,1.0,0.1,9.984444444444447,0.14282938296531164,0.26573224493116465,0.20378363270971894,0.8922838568687439,47.48885902635333,call_9741efdd34af,human,train,vad
141.52,33.0,13.0,1.0957575757575753,1.2520698748606327,1.1426522641150691,0.25551158846806094,0.3253250423968345,8.0,0.24242424242424243,2.0,5.38,0.03801582815149802,8.314545454545454,5.88,22.780000000000005,8.474222263736456,3.14,13.0,0.3939393939393939,3.0612500000000002,0.14662297545500083,0.2863639478371728,0.20477216175124308,0.9962310791015625,73.40964295940921,call_97701e543c60,synthetic,train,vad
125.96,12.0,14.0,2.379999999999999,1.21059214161225,0.5086521603412817,0.22673864718958392,0.6136868847253099,2.0,0.16666666666666666,0.0,2.1199999999999903,0.01683073991743403,3.1050000000000004,1.7100000000000009,7.9879999999999995,2.7981556425617202,1.8200000000000003,0.0,0.0,7.152727272727273,0.15010217923647445,0.2802939680197593,0.21483604772468792,0.8560056090354919,40.72656347422776,call_989dad5aa1af,human,train,vad
214.72,28.0,21.0,2.093571428571429,1.5771045220496298,0.753308198863692,0.2730067064083458,0.514903129657228,3.0,0.10714285714285714,1.0,1.3200000000000038,0.0061475409836065755,4.705714285714287,4.1,8.606000000000003,3.6944276848203903,1.379999999999999,2.0,0.07142857142857142,5.4251851851851844,0.13490576766681903,0.28643936288024163,0.21311734632929233,0.7602859735488892,44.05863685744641,call_9a3d5b0a64a3,human,val,vad
123.52,11.0,20.0,1.7927272727272727,1.237424678398949,0.69024703156128,0.15965025906735747,0.6088082901554405,3.0,0.2727272727272727,0.0,2.2200000000000055,0.017972797927461186,2.6999999999999993,1.3300000000000027,3.675999999999993,4.058512042608719,1.2200000000000006,1.0,0.09090909090909091,10.152,0.15326520979244007,0.30251547084179486,0.23725456072604745,0.8493698835372925,44.592190847883494,call_9bb847dfc83e,human,val,vad
140.32,10.0,12.0,4.352000000000003,2.1728175257025124,0.49926873292796664,0.3101482326111747,0.47220638540478893,0.0,0.0,1.0,0.480000000000004,0.003420752565564453,3.5140000000000016,2.310000000000006,7.7459999999999996,2.669322760551824,1.9399999999999995,0.0,0.0,9.608888888888886,0.1403706529781724,0.29494969041449987,0.21378136168727746,0.7580175399780273,39.23260263406225,call_9c2dbbd1fe2e,synthetic,train,vad
151.48,18.0,21.0,2.3044444444444445,1.3711237168518313,0.594991005384112,0.2738315289147082,0.47768682334301543,0.0,0.0,1.0,1.3799999999999955,0.009110113546342722,4.820000000000003,3.2600000000000016,8.576,3.0271218453618043,2.1999999999999993,0.0,0.0,5.805882352941176,0.10628142379748064,0.2846652468287773,0.18631165933868,0.6119939684867859,25.3180749463416,call_9dc1a304389f,synthetic,train,vad
128.66,13.0,17.0,2.100000000000002,1.6365253999297984,0.7792978094903795,0.21218715995647464,0.5011658635162445,1.0,0.07692307692307693,0.0,1.46,0.011347738224778485,2.713333333333331,1.4299999999999997,6.172000000000002,3.411151646519919,1.1400000000000006,1.0,0.07692307692307693,7.799999999999998,0.19759946552399382,0.33412941936998547,0.25995126204157654,0.975424587726593,67.28246154336631,call_9f11e2c5441c,human,val,vad
157.8,19.0,18.0,1.7726315789473694,1.373021417034106,0.7745667138850356,0.2134347275031687,0.5558935361216729,2.0,0.10526315789473684,0.0,2.4999999999999996,0.01584283903675538,3.4311111111111092,2.5700000000000003,6.839999999999996,2.2796025211253372,3.5400000000000005,0.0,0.0,5.528888888888888,0.20180313419680604,0.33010334141220704,0.2509193423695485,0.9781063795089722,48.95912954508191,call_a0fbbe7bfec4,human,train,vad
137.28,22.0,18.0,1.5845454545454538,1.1518354020381705,0.7269184981308021,0.2539335664335663,0.5530303030303031,4.0,0.18181818181818182,3.0,2.4999999999999982,0.018210955710955698,2.8123809523809546,2.1000000000000014,5.439999999999998,2.176125663304933,1.1600000000000001,2.0,0.09090909090909091,4.532380952380954,0.19004319163446237,0.2812867550961173,0.23751063372355924,1.0234218835830688,91.58539912232575,call_a2aa58c1750b,human,train,vad
110.96,26.0,20.0,1.0453846153846158,0.9965256211505403,0.953262183587713,0.24495313626532095,0.43745493871665453,10.0,0.38461538461538464,3.0,7.119999999999977,0.06416726748377774,3.6746153846153855,2.350000000000003,8.32,3.5566170516476747,0.9800000000000004,6.0,0.23076923076923078,2.835999999999999,0.1397068691833155,0.3089398215972625,0.21571299874277974,0.833564043045044,63.899852798327,call_a381913d938c,synthetic,train,vad
128.84,11.0,15.0,2.476363636363637,1.3373737678903834,0.5400554862993471,0.21142502328469423,0.5260788574976715,1.0,0.09090909090909091,0.0,0.7600000000000051,0.005898789195901933,2.8381818181818192,2.1799999999999997,4.34,1.636569683997143,2.2,0.0,0.0,8.004,0.16487038114500505,0.3027294165671934,0.23234271782366928,0.714573860168457,50.22444214466829,call_a3a1f51a4bf9,synthetic,val,vad
139.3,20.0,20.0,1.3339999999999996,1.1075396155442938,0.8302395918622895,0.19152907394113416,0.45685570710696366,1.0,0.05,2.0,2.299999999999997,0.016511127063890862,4.096999999999998,3.5700000000000003,6.668000000000001,1.7006384095391962,4.5600000000000005,1.0,0.05,5.205263157894737,0.1008128011465965,0.26170972951298493,0.17386665595440673,0.6211740374565125,31.14175796078847,call_a426226cf8b9,synthetic,train,vad
164.78,18.0,22.0,2.097777777777778,2.53621668272417,1.2090015966375809,0.22915402354654693,0.5456972933608447,4.0,0.2222222222222222,0.0,1.8200000000000025,0.011045029736618537,3.494117647058823,1.759999999999998,6.783999999999998,4.164035173642946,1.6800000000000006,1.0,0.05555555555555555,6.8,0.19593793305617738,0.32061180641448006,0.2680581630536712,0.9939220547676086,41.045170705534765,call_a4683528fef4,human,train,vad
180.96,18.0,18.0,2.995555555555554,2.064962260139995,0.6893420007885743,0.2979664014146771,0.43324491600353665,3.0,0.16666666666666666,2.0,3.319999999999972,0.018346595932802672,5.126666666666665,4.6499999999999995,7.734000000000001,2.079615349048955,4.540000000000001,0.0,0.0,6.014117647058824,0.16351501409028982,0.2621219799039553,0.2217116430605643,0.8305304646492004,31.256678625227327,call_a49598543013,synthetic,train,vad
122.8,16.0,15.0,1.4699999999999984,0.9552486587271407,0.6498290195422733,0.19153094462540696,0.4421824104234527,0.0,0.0,1.0,0.21999999999999886,0.001791530944625398,4.722500000000002,4.3600000000000065,7.199999999999999,1.8178679132434234,3.9400000000000013,1.0,0.0625,5.754666666666668,0.16153253754331923,0.309103474185437,0.2416147857629534,0.7507621049880981,35.84612153623308,call_a6481017c744,synthetic,train,vad
135.84,9.0,21.0,3.011111111111111,1.6083148147082014,0.534126691231506,0.1994994110718492,0.5540341578327445,0.0,0.0,0.0,0.0,0.0,1.9377777777777772,1.9199999999999875,2.183999999999994,0.1814618281119411,2.1999999999999993,0.0,0.0,12.16,0.1358954721622688,0.2371880179945013,0.2054506041114207,0.9306901693344116,40.46891238017349,call_a71916766a4f,synthetic,train,vad
93.74,13.0,13.0,1.7323076923076905,1.8078893509630067,1.0436306200052892,0.24023895882227417,0.4954128440366973,2.0,0.15384615384615385,0.0,0.8599999999999994,0.009174311926605498,2.438461538461538,1.620000000000001,5.092000000000007,1.6100733196580073,1.42,2.0,0.15384615384615385,4.443333333333335,0.14029178815197113,0.2690290369927691,0.19751871080983335,0.7383524179458618,49.55538179443847,call_a766613f8c8a,human,train,vad
122.78,19.0,20.0,1.3578947368421044,1.2138654176133212,0.8939318966919814,0.21013194331324306,0.6043329532497149,5.0,0.2631578947368421,3.0,3.159999999999986,0.025737090731389363,2.58842105263158,1.3800000000000097,5.7559999999999985,2.4298868571405037,1.3600000000000003,5.0,0.2631578947368421,4.832222222222223,0.18621227633952514,0.33934827197669004,0.24442534967562973,0.8298474550247192,40.33877243023694,call_a7c95e99f3b6,human,val,vad
172.44,21.0,19.0,2.5647619047619035,2.499020034690968,0.9743672619478343,0.31234052424031533,0.40501043841336093,1.0,0.047619047619047616,2.0,1.1799999999999997,0.006842959870099743,4.054285714285716,2.759999999999998,7.160000000000004,3.0967703167264156,2.3000000000000007,0.0,0.0,5.392000000000001,0.12513457905074185,0.27933470458847404,0.19195038427074035,1.318058729171753,55.895867284851576,call_a7df1d46e72b,synthetic,train,vad
168.32,21.0,29.0,2.059047619047619,1.447631578893129,0.7030588149110941,0.2568916349809886,0.4937024714828897,7.0,0.3333333333333333,1.0,4.600000000000005,0.02732889733840307,3.3409523809523822,2.480000000000004,5.460000000000001,1.9815287623013864,2.459999999999999,1.0,0.047619047619047616,4.4959999999999996,0.11726854356844059,0.2793984661090666,0.19992805597704522,0.7226775884628296,36.524287408722415,call_a7ea289a43fd,synthetic,train,vad
162.58,11.0,18.0,5.672727272727271,6.443665093307592,1.135902500422813,0.38381104686923345,0.36806495263870126,2.0,0.18181818181818182,0.0,1.7800000000000011,0.010948456144667247,2.216363636363637,2.039999999999992,2.6799999999999997,0.33420931729770187,2.6799999999999997,1.0,0.09090909090909091,8.860000000000003,0.16795618657003838,0.29662527861704824,0.2404723971328921,0.861304521560669,55.36642675853954,call_a8ca5b456ce4,synthetic,train,vad
100.12,7.0,16.0,2.0971428571428574,2.064043979914287,0.9842171566348779,0.14662405113863367,0.2976428286056732,0.0,0.0,3.0,2.42,0.02417099480623252,1.5742857142857134,1.8199999999999932,2.3680000000000008,0.8111870868029878,0.45999999999999996,0.0,0.0,8.483333333333333,0.11834867101948486,0.2374138418732116,0.1822208434934232,0.7083653807640076,43.83375701195981,call_a9d29125d786,synthetic,train,vad
119.3,16.0,18.0,1.4162500000000002,1.138841928232359,0.804124927260271,0.1899413243922884,0.535959765297569,4.0,0.25,0.0,2.000000000000006,0.016764459346186138,3.453333333333333,1.6799999999999997,7.044000000000002,4.128862097748268,2.9799999999999995,1.0,0.0625,5.050666666666666,0.1536856012034616,0.25980469974791703,0.21445060785777065,0.9591269493103027,46.44520846497818,call_abf730747901,human,val,vad
146.18,7.0,14.0,6.308571428571428,5.043579875364685,0.7994805056058152,0.3020933096182788,0.4686003557258174,0.0,0.0,1.0,0.28000000000000114,0.001915446709536196,4.322857142857144,3.8400000000000034,5.988000000000002,1.8443869619215267,4.26,0.0,0.0,14.883333333333333,0.24046349466776046,0.3337308594278971,0.3204439258411072,0.6914122104644775,52.249419179571476,call_ac80248cae29,synthetic,train,vad
148.64,16.0,20.0,2.102499999999999,1.9156575241937177,0.9111331862990337,0.22631862217438098,0.5092841765339079,3.0,0.1875,1.0,1.8599999999999852,0.012513455328309912,3.3449999999999984,1.5500000000000034,6.43,4.156034768863225,1.5600000000000005,1.0,0.0625,6.812,0.16406419431793537,0.3129687010615482,0.22720393411709822,0.9899023771286011,51.90380237385384,call_acda78859d0d,human,train,vad
116.68,18.0,12.0,1.2033333333333343,0.9571079121789529,0.7953805364368023,0.18563592732259185,0.5152553993829276,0.0,0.0,2.0,0.5200000000000014,0.0044566335275968575,5.326666666666667,5.049999999999997,8.192000000000004,2.731243103220379,4.140000000000001,1.0,0.05555555555555555,3.494117647058822,0.11097754316277288,0.26585094595684805,0.18108820490391733,0.6830916404724121,42.99825989164063,call_ad8e23b11d98,synthetic,train,vad
116.44,11.0,22.0,1.5981818181818175,1.2408634690248284,0.7764219658289601,0.15097904500171755,0.567330814153212,5.0,0.45454545454545453,0.0,3.7399999999999913,0.03211954654757808,3.6854545454545447,2.299999999999997,3.6999999999999993,3.7122214952440635,3.6999999999999993,0.0,0.0,6.234,0.16720390825346343,0.33704910628942764,0.24317003742275148,0.6862167119979858,44.64236667456455,call_adf30039caa2,synthetic,train,vad
128.58,16.0,22.0,2.052500000000001,1.9864022125440768,0.9677964494733621,0.2554051952092084,0.4512365842277179,4.0,0.25,3.0,5.0199999999999925,0.039041841655000714,3.427500000000002,2.789999999999999,6.170000000000002,1.956985883955221,2.3999999999999995,2.0,0.125,5.6533333333333315,0.16476685128582264,0.3020062725401076,0.2271228165414643,0.8502004146575928,48.6971418011937,call_aed9b45d6c31,synthetic,train,vad
141.3,13.0,15.0,3.3584615384615395,1.7591687116968115,0.5238019526353308,0.3089879688605804,0.42929936305732447,1.0,0.07692307692307693,0.0,0.259999999999998,0.0018400566171266667,6.729230769230771,5.700000000000003,9.98,4.527159852640609,4.4,1.0,0.07692307692307693,7.074999999999999,0.15042769024220895,0.30955923332360685,0.2256778250082275,0.7531996369361877,41.35833660738342,call_af9ad367dcce,synthetic,val,vad
154.68,11.0,23.0,2.6163636363636336,1.1930044023943223,0.4559780551194426,0.186061546418412,0.5224980605120246,2.0,0.18181818181818182,0.0,2.019999999999996,0.01305921903284197,2.421818181818183,2.200000000000003,3.5999999999999943,0.7031076237522336,2.24,0.0,0.0,11.332000000000004,0.21589066481352792,0.3285397738794413,0.30012387221192727,0.6872989535331726,50.792091325210905,call_b0836ff3142a,synthetic,train,vad
160.54,17.0,11.0,3.5082352941176476,3.9252069788725326,1.1188551079951885,0.3714962003239069,0.41484988164943326,0.0,0.0,0.0,0.0,0.0,9.262352941176466,4.9199999999999875,20.751999999999995,8.290706015073367,1.92,0.0,0.0,5.658749999999999,0.1814387372452746,0.3423618398302618,0.2700887637155931,0.8513192534446716,37.9241474664011,call_b167dd907a80,synthetic,train,vad
184.14,10.0,21.0,6.514,4.310471435933661,0.6617241995599725,0.3537525795590312,0.44118605408927997,0.0,0.0,0.0,0.0,0.0,3.3440000000000047,2.3699999999999974,4.732000000000001,2.370515555738875,2.3599999999999994,0.0,0.0,11.95111111111111,0.1616103100627,0.3352718079658244,0.24063563887955525,0.6779447197914124,49.669644905930284,call_b2594d9c3ffd,synthetic,train,vad
125.46,9.0,16.0,2.457777777777779,1.71229396345486,0.6966838006823567,0.17631117487645476,0.5858440937350552,1.0,0.1111111111111111,0.0,0.98,0.007811254583134067,1.5474999999999983,1.6300000000000026,1.9379999999999984,0.45309353339018144,1.9799999999999986,0.0,0.0,11.777499999999998,0.13239960421713468,0.26125962930792457,0.18683944859846333,0.7989761233329773,62.66569220622473,call_b382ffa5187d,human,train,vad
126.36,14.0,18.0,2.288571428571429,1.6525082975493302,0.722069792936661,0.2535612535612536,0.4202279202279202,3.0,0.21428571428571427,0.0,0.960000000000008,0.007597340930674327,4.958571428571431,3.549999999999997,9.928000000000003,3.4766113574301403,12.399999999999999,0.0,0.0,5.098461538461539,0.17695647735927575,0.30659584506248205,0.26927734688290517,0.6127960681915283,52.17955599629776,call_b3f14bd5c2b6,synthetic,train,vad
140.78,25.0,19.0,3.2591999999999994,5.105803693837041,1.5665818893707173,0.5787753942321352,0.5168347776672823,11.0,0.44,6.0,40.19999999999999,0.285551924989345,3.756666666666669,1.9100000000000037,8.276000000000003,4.16607195755853,0.6599999999999997,1.0,0.04,2.454166666666667,0.1534165115180482,0.3129979928317361,0.2247546148275606,1.3993711471557617,64.05212780942118,call_b41c86402714,human,train,vad
135.68,18.0,15.0,2.2366666666666677,1.3765859540504155,0.615463168725968,0.29672759433962276,0.3912146226415095,1.0,0.05555555555555555,2.0,1.4800000000000004,0.010908018867924531,9.768888888888888,8.68,16.308,4.816371258402474,6.3999999999999995,0.0,0.0,4.743529411764705,0.1004977082923263,0.28133406868156413,0.18444350887155106,0.5740835070610046,22.814973229884107,call_b5840ec7dd5e,synthetic,train,vad
114.08,9.0,14.0,1.9466666666666659,1.209628042002994,0.6213842681522231,0.1535764375876577,0.5992286115007014,0.0,0.0,0.0,0.0,0.0,1.757777777777779,1.62,2.376000000000001,0.8431393423493431,1.62,0.0,0.0,8.615000000000002,0.14778438298727778,0.3275725403755228,0.22071375831386997,0.8149235248565674,51.44931009135235,call_b5c4803ea37c,human,train,vad
159.3,23.0,24.0,1.5999999999999985,1.2739258049516609,0.7962036280947887,0.23101067168863756,0.5645951035781542,9.0,0.391304347826087,1.0,5.880000000000013,0.03691148775894547,3.516363636363636,1.9699999999999989,9.045999999999998,3.1240511948059675,2.5399999999999996,3.0,0.13043478260869565,5.491818181818183,0.16245214656822532,0.29248700292502144,0.22179169268081594,0.9933095574378967,42.418003786677666,call_b5cc1f8d8fee,human,val,vad
188.74,24.0,29.0,1.6974999999999991,1.3079285467231492,0.7705028257573784,0.21585249549645003,0.5639504079686339,6.0,0.25,2.0,6.71999999999999,0.03560453533962059,2.7356521739130453,1.4400000000000048,4.524000000000018,2.87314980327523,2.2,3.0,0.125,6.263478260869567,0.17378497790868924,0.3006747178947939,0.23452694741099747,0.9472438097000122,46.819043240608295,call_b658b1155216,human,val,vad
205.38,43.0,16.0,1.45813953488372,1.6204324082887083,1.1113013326381898,0.3052877592754891,0.38835329632875665,15.0,0.3488372093023256,2.0,8.179999999999971,0.03982861038075748,7.808372093023258,5.320000000000007,16.512000000000004,6.175852800628847,0.7800000000000002,7.0,0.16279069767441862,3.283333333333334,0.1517619090608167,0.3084991875650415,0.22321563597048796,0.7253293991088867,60.681003285869224,call_b712f501aeb8,synthetic,val,vad
156.68,17.0,23.0,2.0423529411764694,1.3277470055423355,0.6501065407321347,0.22159816185856507,0.4610671432218536,1.0,0.058823529411764705,3.0,0.8600000000000065,0.005488894562164963,5.657647058823529,5.019999999999996,9.735999999999995,2.5586750464018637,4.139999999999999,3.0,0.17647058823529413,4.823750000000002,0.13949149349331944,0.2787196209880869,0.206442717496995,0.7930406928062439,31.004069683012574,call_b72eccd91b8c,synthetic,train,vad
133.22,14.0,18.0,1.9571428571428588,1.282583489743753,0.6553346297960776,0.20567482360006023,0.559375469148776,1.0,0.07142857142857142,1.0,2.6399999999999935,0.01981684431766997,2.8784615384615386,1.4399999999999995,6.363999999999999,2.2247068818294173,1.4399999999999995,0.0,0.0,7.635384615384614,0.19594638020474683,0.4090616515981911,0.27535141401790386,0.9979948997497559,61.03540859231106,call_b78e6c8e05d3,human,train,vad
159.9,11.0,23.0,2.821818181818181,2.7595184632033787,0.9779221358001667,0.19412132582864283,0.6072545340838023,3.0,0.2727272727272727,0.0,1.5,0.009380863039399624,3.4163636363636387,2.1599999999999966,6.160000000000004,2.8953231024824486,1.6399999999999988,0.0,0.0,8.374,0.09992786747066071,0.2755717607778398,0.18254929980624354,0.6340694427490234,24.183101667107323,call_b7c3a7552903,synthetic,train,vad
129.8,15.0,20.0,1.6453333333333324,1.3548818726696767,0.8234695336322999,0.19013867488443748,0.5155624036979968,4.0,0.26666666666666666,1.0,3.119999999999994,0.02403697996918331,2.428,2.160000000000011,4.0760000000000005,0.999594584485797,2.460000000000001,1.0,0.06666666666666667,6.735714285714286,0.12324595632679919,0.23034076826105296,0.17273281948681457,0.7945883870124817,34.69598535457987,call_b956718b62ae,synthetic,train,vad
137.94,15.0,21.0,2.206666666666666,2.6738204045065475,1.2117010896555354,0.23995940263882845,0.5653182543134698,6.0,0.4,1.0,4.379999999999979,0.031752936059156,3.654285714285713,1.520000000000001,10.366,3.9587691346205696,3.26,2.0,0.13333333333333333,6.95,0.17846054456668375,0.2984241038480596,0.2409818125925416,0.852146565914154,45.34013601339723,call_b96e9305d9a2,human,train,vad
164.68,23.0,21.0,1.523478260869567,1.2264569284542748,0.8050373674214694,0.2127762934175373,0.5521010444498422,4.0,0.17391304347826086,1.0,2.960000000000001,0.017974253096915235,2.5408695652173883,1.6600000000000037,4.496000000000001,2.233246638462525,1.92,0.0,0.0,5.347272727272726,0.11745426610378794,0.236948321547532,0.17445358759416796,0.8858878016471863,31.483142044220614,call_bac44092a11a,human,train,vad
149.2,14.0,15.0,2.9857142857142844,2.2343989741114285,0.7483632927645936,0.2801608579088471,0.4587131367292228,2.0,0.14285714285714285,1.0,1.4800000000000146,0.009919571045576506,4.448571428571428,2.870000000000001,8.314000000000002,3.357624281590561,4.28,0.0,0.0,5.553846153846155,0.17546567963648402,0.33202161769818345,0.25261765342543535,0.8016762733459473,37.36581002960178,call_bba20372ca37,synthetic,train,vad
111.72,18.0,16.0,1.3844444444444446,1.1773332494442312,0.8504012235150947,0.2230576441102757,0.4754744002864307,3.0,0.16666666666666666,0.0,1.0400000000000063,0.009308986752595831,5.435555555555556,4.330000000000002,8.734000000000005,3.0613980506773975,2.74,1.0,0.05555555555555555,4.396470588235295,0.09723694438555579,0.2449368981705429,0.15926009038271163,0.9774743318557739,51.7701985122444,call_bc24a38d8bf2,synthetic,train,vad
191.72,18.0,34.0,1.695555555555555,1.097786774592013,0.6474496049363119,0.1591904861255998,0.577926142290841,3.0,0.16666666666666666,2.0,3.439999999999996,0.01794283329856038,2.5877777777777786,1.709999999999999,6.048000000000008,1.9876858558958475,1.88,2.0,0.1111111111111111,8.56,0.1105739508889933,0.25031292968974955,0.17146577285669215,0.7625594735145569,33.17318893079199,call_bc2c7c34acea,human,val,vad
156.88,25.0,23.0,1.6343999999999987,1.120635819523899,0.6856557877654796,0.2604538500764914,0.5020397756246813,3.0,0.12,5.0,3.88,0.024732279449260583,5.111666666666668,3.0900000000000034,11.482000000000005,4.6855733077417785,2.8599999999999994,3.0,0.12,3.8200000000000007,0.15413884502073347,0.32001364783660047,0.2290994310499172,0.8493984937667847,59.98566658444987,call_bc7120020303,human,train,vad
273.9,31.0,38.0,1.9470967741935494,1.3984004538559154,0.7181977148696712,0.22037239868565184,0.5434100036509677,5.0,0.16129032258064516,3.0,6.71999999999997,0.02453450164293527,4.208387096774197,2.24,8.460000000000008,4.36909608779089,2.24,1.0,0.03225806451612903,6.2799999999999985,0.14218254414810924,0.3057112634569174,0.2119492906557729,0.8585890531539917,63.94509651727318,call_bd2262567810,human,train,vad
150.94,17.0,18.0,1.8894117647058852,1.652493554630964,0.8746074230612187,0.21279978799523022,0.5277593745859281,5.0,0.29411764705882354,2.0,3.580000000000033,0.023718033655757472,6.134117647058822,2.72,17.288,6.6496024284725035,2.72,6.0,0.35294117647058826,6.444999999999997,0.14696068986583333,0.3013252405559918,0.22806783637672248,0.9324350357055664,36.70419840307908,call_bd98a8224da0,human,val,vad
143.5,16.0,18.0,1.9837500000000001,1.5202173981046265,0.766335172327474,0.22118466898954706,0.5533101045296168,2.0,0.125,1.0,2.15999999999999,0.0150522648083623,2.706666666666666,1.7999999999999972,5.3679999999999914,2.1185613567282435,1.7999999999999998,0.0,0.0,5.8,0.15418514423400823,0.2908821293554299,0.2085537576006329,0.9226903915405273,53.31759321220923,call_bda847d77eef,human,train,vad
157.88,15.0,21.0,1.9746666666666672,1.7408421972009862,0.8815878783934769,0.1876108436787434,0.4902457562705852,0.0,0.0,1.0,0.4199999999999946,0.002660248289840351,3.1653333333333316,2.3800000000000026,4.531999999999997,1.963092345142113,2.34,1.0,0.06666666666666667,6.605714285714285,0.10829415786545722,0.21610859269155996,0.17527912178573865,0.8772265911102295,39.73324188504579,call_bdfa814252df,synthetic,train,vad
129.74,17.0,21.0,1.2705882352941178,0.8705675673222365,0.6851689187258342,0.16648681979343302,0.5786958532449518,7.0,0.4117647058823529,1.0,5.520000000000003,0.04254663172498846,2.2299999999999986,1.48,3.5,1.7055937382624249,2.3399999999999994,1.0,0.058823529411764705,5.74,0.17595504309340787,0.2995538593114175,0.23559485143991166,0.9472686648368835,40.10271663376347,call_be72006df132,human,val,vad
166.38,23.0,27.0,1.7617391304347825,1.703376830768589,0.9668723373069484,0.24353888688544295,0.498978242577233,4.0,0.17391304347826086,1.0,2.3800000000000203,0.014304603918740355,3.2739130434782595,1.6400000000000006,6.268000000000007,3.2006653372594607,1.5,1.0,0.043478260869565216,4.996363636363636,0.1516108203418453,0.2916272466872842,0.2244038299482919,0.774682879447937,47.85500619162068,call_bf0384ed27ed,human,val,vad
149.28,19.0,16.0,2.0136842105263137,2.441302953507271,1.2123564066031938,0.2562968917470523,0.5576098606645232,7.0,0.3684210526315789,1.0,7.259999999999983,0.048633440514469335,3.844210526315789,2.0600000000000005,9.547999999999996,3.9610768283244897,2.0600000000000005,2.0,0.10526315789473684,5.760000000000002,0.20617292474200027,0.4311937201035121,0.28085046420357135,1.0738351345062256,76.69022457666564,call_bf4ed1a05c84,human,train,vad
183.08,14.0,15.0,4.982857142857143,4.720556003225872,0.9473592896382197,0.3810356128468429,0.38584225475202094,4.0,0.2857142857142857,0.0,3.4599999999999795,0.018898842036268185,6.601428571428571,3.969999999999999,15.54000000000001,5.299797647273038,4.6000000000000005,1.0,0.07142857142857142,7.706153846153845,0.16033408343430847,0.2909599603535964,0.23942340315260494,0.9146501421928406,36.31528686790534,call_c04725672945,synthetic,val,vad
90.9,7.0,13.0,2.942857142857143,2.607273969305951,0.8859668827738667,0.22662266226622663,0.49526952695269494,2.0,0.2857142857142857,1.0,1.6799999999999926,0.0184818481848184,3.917142857142861,2.8000000000000043,6.432000000000005,2.568744631058494,4.000000000000001,0.0,0.0,9.633333333333335,0.10944006838859376,0.2966575460381867,0.19574650187521872,0.7426416277885437,27.06056341603296,call_c1cbe639d50f,synthetic,train,vad
110.5,11.0,17.0,1.8163636363636362,1.8364356421526442,1.0110506538377921,0.18081447963800903,0.5674208144796382,4.0,0.36363636363636365,0.0,3.2199999999999918,0.029140271493212595,2.4272727272727237,1.9599999999999973,2.1799999999999997,1.6104041892930374,1.4799999999999986,1.0,0.09090909090909091,6.07,0.22181930358030988,0.32844242226135895,0.30944266700662926,0.6583377718925476,48.25402031956045,call_c1d95df7a179,synthetic,train,vad
153.26,22.0,16.0,1.6718181818181834,0.9855069593575417,0.5894821399093502,0.239984340336683,0.4671799556309538,5.0,0.22727272727272727,2.0,5.8799999999999955,0.03836617512723474,5.02090909090909,4.109999999999996,9.274000000000001,2.5860146752921658,4.4,1.0,0.045454545454545456,3.5923809523809505,0.14883670028488274,0.30886478119917327,0.22386576015434007,0.7039110064506531,39.226901703926515,call_c21f9cf2390e,synthetic,val,vad
151.44,23.0,20.0,1.4739130434782595,1.39360570535707,0.9455141953750041,0.22385103011093482,0.5653724247226622,6.0,0.2608695652173913,2.0,3.8400000000000034,0.025356576862123635,3.940000000000002,2.8400000000000034,9.332000000000003,3.0795087129351444,2.0200000000000005,3.0,0.13043478260869565,4.8900000000000015,0.1780857498005603,0.3408451769233515,0.25661265914834963,1.139250636100769,63.91537895614081,call_c337629bcbbb,human,train,vad
126.1,13.0,21.0,2.1938461538461533,1.8877807013345982,0.8604890994863178,0.2261697065820777,0.46439333862014287,2.0,0.15384615384615385,3.0,4.100000000000023,0.0325138778747028,2.041538461538462,1.9400000000000048,2.5799999999999983,0.4059148480966456,1.6600000000000001,2.0,0.15384615384615385,6.4383333333333335,0.11419989944163646,0.2963544229789931,0.19888186024014584,0.6701459288597107,27.28728728989299,call_c3417b995627,synthetic,train,vad
201.94,17.0,26.0,3.8282352941176496,3.558684878193588,0.9295888587782876,0.32227394275527405,0.46657422996929776,5.0,0.29411764705882354,2.0,5.120000000000006,0.02535406556402895,2.8905882352941186,2.0400000000000063,6.536000000000004,1.8659691397367286,2.66,0.0,0.0,7.821249999999997,0.11812263957664104,0.22319441397913165,0.16936927508268804,0.7951065301895142,38.17707544713917,call_c3a3ab5fa472,synthetic,train,vad
209.2,31.0,15.0,2.3748387096774195,1.7387868796074784,0.7321705143688104,0.35191204588910147,0.34445506692160616,0.0,0.0,0.0,0.0,0.0,11.38064516129032,10.240000000000009,18.72,5.307631715037939,5.380000000000001,0.0,0.0,4.034666666666666,0.1609950126349997,0.3245741429651001,0.24183897776705213,0.7301068305969238,36.93425573319606,call_c3e9e24958f7,synthetic,train,vad
122.02,12.0,14.0,1.8866666666666652,1.91442477580662,1.0147127786960892,0.18554335354859847,0.5049991804622193,2.0,0.16666666666666666,0.0,0.4999999999999929,0.004097688903458391,4.756666666666666,3.9000000000000004,7.793999999999998,2.3371611459679484,3.540000000000001,1.0,0.08333333333333333,7.8909090909090915,0.14784318954596973,0.28130261867646816,0.2310815983875702,0.8743570446968079,33.184379566020816,call_c49b6face6c3,synthetic,val,vad
177.06,31.0,22.0,1.3167741935483854,1.1262394952337418,0.8553019194572768,0.23054331864904523,0.52389020670959,1.0,0.03225806451612903,1.0,1.059999999999997,0.005986671184909053,3.1051612903225814,2.5600000000000023,6.480000000000004,2.2536162637654207,1.4000000000000004,1.0,0.03225806451612903,4.0166666666666675,0.17501286519433376,0.3047510226889343,0.2506669554048683,0.9378706216812134,57.74824564015716,call_c4fc8a865292,human,val,vad
139.92,17.0,16.0,1.3141176470588267,1.2239524155664436,0.9313872455071392,0.1596626643796459,0.5424528301886794,4.0,0.23529411764705882,0.0,2.500000000000023,0.017867352773013316,3.0199999999999982,2.1199999999999974,5.8,2.167739221708491,2.3200000000000003,0.0,0.0,6.8337499999999975,0.14638829299054634,0.33639950164294935,0.2207487396301017,0.9337656497955322,58.67174097008344,call_c509bc8280ae,human,train,vad
137.28,25.0,13.0,1.6896,2.0969014855257275,1.2410638527022535,0.3076923076923077,0.438374125874126,8.0,0.32,2.0,6.160000000000011,0.04487179487179495,6.4327999999999985,3.719999999999999,13.936000000000002,5.936457879914587,0.7400000000000002,5.0,0.2,3.7591666666666668,0.14498761196874405,0.27294471028329953,0.2061047394382992,0.8683293461799622,58.92304574459984,call_c5b04c36bb62,synthetic,train,vad
137.0,16.0,19.0,1.3737500000000011,1.2833689794832972,0.934208538295393,0.1604379562043797,0.5582481751824815,5.0,0.3125,0.0,2.280000000000005,0.016642335766423395,1.681428571428572,1.4499999999999993,2.422,0.8416807771431172,2.24,0.0,0.0,7.584,0.2073354278618069,0.3721348766647513,0.2825025548465292,0.9303926229476929,39.3064946553479,call_c647ee088162,human,train,vad
141.46,14.0,27.0,1.301428571428573,1.0161120378528097,0.7807666591624215,0.12879966068146487,0.5528064470521705,2.0,0.14285714285714285,2.0,0.9999999999999929,0.007069136151562228,3.701428571428573,3.0900000000000016,5.541999999999998,2.420465885328858,1.9800000000000004,1.0,0.07142857142857142,6.479999999999999,0.16860316605568557,0.30240025676443366,0.2323717286167911,0.8436516523361206,43.82130850046111,call_c67ce09b3316,synthetic,train,vad
108.88,15.0,14.0,1.2239999999999998,0.7956615695968553,0.6500503019582152,0.16862601028655397,0.5360029390154301,3.0,0.2,0.0,1.18,0.010837619397501837,3.3000000000000007,2.649999999999999,5.682,1.7741852590226679,3.0200000000000005,0.0,0.0,4.78,0.16039791178525917,0.3450074056639237,0.23000480462934858,0.9873806834220886,57.09737627370812,call_c6daaae3eb0f,human,train,vad
150.28,24.0,18.0,2.1933333333333342,2.2462907697406895,1.0241447278452986,0.3502794783071601,0.4234761778014373,7.0,0.2916666666666667,0.0,4.059999999999981,0.027016236358796786,5.186956521739131,1.7800000000000011,11.088000000000006,6.163405633098445,1.42,1.0,0.041666666666666664,4.175652173913043,0.15280963850815316,0.3210957183566441,0.22058742782644883,0.8906907439231873,62.665912006843975,call_c6e878157063,human,train,vad
128.92,14.0,20.0,2.75857142857143,3.734965781336569,1.3539492734001022,0.2995656220912195,0.48727893267142436,5.0,0.35714285714285715,2.0,7.640000000000015,0.059261557555073036,3.6142857142857125,2.0799999999999983,2.8720000000000026,5.925983600437404,1.58,2.0,0.14285714285714285,5.629230769230768,0.17185021610336482,0.3378864723076146,0.24938067122707036,0.7000768780708313,58.29354117507853,call_c87e905eb0d7,synthetic,train,vad
122.1,27.0,16.0,1.8466666666666665,2.4108335733763373,1.3055055451496413,0.4083538083538083,0.5392301392301393,18.0,0.6666666666666666,4.0,14.91999999999998,0.12219492219492203,5.9392592592592575,4.66,15.568000000000007,5.3500335242465935,1.339999999999999,3.0,0.1111111111111111,2.4069230769230776,0.19268795394399918,0.33039223019873065,0.2850670692631311,1.1193547248840332,55.77109527690936,call_ca184bb77a63,human,val,vad
126.82,21.0,18.0,1.9761904761904763,1.732398492018332,0.8766353815032523,0.3272354518214793,0.4541870367449927,6.0,0.2857142857142857,2.0,4.360000000000035,0.03437943542028099,3.407619047619047,2.480000000000004,6.0,2.37981572868454,1.7999999999999998,1.0,0.047619047619047616,3.757,0.12635295900583465,0.2857280769183285,0.1984255724029395,1.370668649673462,56.937804929307404,call_ca5206a4f854,synthetic,train,vad
115.02,10.0,18.0,2.2339999999999987,2.1990552516933284,0.9843577670963876,0.19422709094070584,0.5960702486524081,3.0,0.3,2.0,3.039999999999992,0.026430186054599132,1.8740000000000012,2.149999999999999,2.422000000000003,0.6437421844185762,2.1800000000000006,0.0,0.0,7.04888888888889,0.21902220120155627,0.32865857004607146,0.3037925511306835,0.6619022488594055,48.62108551147996,call_cbad95f3aabc,synthetic,train,vad
167.3,36.0,23.0,1.436111111111111,1.463267420265304,1.0189096156586257,0.30902570233114157,0.5708308427973701,22.0,0.6111111111111112,5.0,22.06,0.13185893604303645,4.664571428571429,2.8399999999999963,11.0,4.351885202567565,2.6599999999999997,8.0,0.2222222222222222,3.0280000000000005,0.21154459083001836,0.36455804782567547,0.28301685373882146,1.279162049293518,51.22640990271573,call_cbb902adb22a,human,train,vad
131.18,13.0,18.0,2.359999999999997,2.1542944588390465,0.912836635101292,0.23387711541393477,0.49687452355542006,1.0,0.07692307692307693,1.0,0.7199999999999989,0.005488641561213591,3.552307692307696,2.539999999999999,7.108000000000003,2.2442615843906415,2.539999999999999,0.0,0.0,5.313333333333336,0.0872795257189245,0.2104167403699538,0.14143106430355004,0.6969325542449951,25.926381210686205,call_ce3072c8e106,synthetic,train,vad
174.32,16.0,22.0,2.803749999999998,2.5499629286521004,0.9094829883734649,0.257342817806333,0.4444699403396052,1.0,0.0625,1.0,0.7400000000000091,0.004245066544286422,5.6025,4.869999999999994,8.439999999999998,2.810817274388358,3.8000000000000007,1.0,0.0625,7.8146666666666675,0.11945199180118721,0.23131963765858535,0.19169333904717112,0.8085491061210632,37.208707553243784,call_ce6146a1c53e,synthetic,train,vad
129.28,11.0,14.0,3.1836363636363627,2.11809207769322,0.6653059067568655,0.27088490099009893,0.4169245049504952,0.0,0.0,1.0,0.519999999999996,0.004022277227722741,3.6127272727272737,3.219999999999999,4.840000000000003,1.5550334162389696,2.4000000000000004,0.0,0.0,8.258000000000001,0.18739695915002746,0.31484605077473543,0.27779454942048937,0.6353183388710022,52.861760711970526,call_cea74e96e420,synthetic,train,vad
118.52,10.0,22.0,2.093999999999998,1.5118478759451952,0.7219903896586422,0.17667904151198094,0.5904488693891328,2.0,0.2,1.0,1.0999999999999943,0.00928113398582513,2.274,1.17,6.273999999999995,2.127609926654788,1.1999999999999993,0.0,0.0,9.671111111111113,0.1585362190865786,0.27324912401307133,0.20679549665451974,0.9160489439964294,69.33806594574956,call_cf313f91b995,human,val,vad
198.38,44.0,11.0,1.4586363636363642,2.3549306020551586,1.6144740805613422,0.32352051618106675,0.3359209597741711,14.0,0.3181818181818182,0.0,4.479999999999995,0.02258292166549045,15.992272727272724,8.22999999999999,42.482000000000035,15.536105874504129,1.5999999999999996,10.0,0.22727272727272727,2.9837209302325585,0.1462950328581063,0.2631329143547758,0.20952767730570465,0.8399537205696106,45.95969888721838,call_d0442c9e97b7,synthetic,train,vad
158.36,16.0,17.0,1.7900000000000005,0.995163303181945,0.5559571526156116,0.18085375094720893,0.4924223288709269,0.0,0.0,1.0,0.5799999999999983,0.0036625410457186047,5.70125,4.570000000000007,9.98,2.6614419846203687,4.140000000000001,0.0,0.0,7.7733333333333325,0.08582797512385369,0.20865841302515079,0.14134169724924364,0.7264155149459839,25.727181111685724,call_d13864e1e455,synthetic,train,vad
147.96,13.0,20.0,2.6830769230769267,1.5341215708290008,0.5717769616048447,0.23573938902406086,0.561367937280346,2.0,0.15384615384615385,1.0,2.06000000000001,0.01392268180589355,3.491666666666663,1.309999999999997,8.551999999999989,3.4554059899750627,2.2399999999999998,2.0,0.15384615384615385,6.8749999999999964,0.17013227742196066,0.2951667705718184,0.22126874581359052,0.9007842540740967,60.61003199134795,call_d13e6463c6fb,human,train,vad
153.68,10.0,18.0,4.534,3.974579726210056,0.8766166136325664,0.2950286309213951,0.5040343571056742,1.0,0.1,1.0,0.8599999999999994,0.0055960437272254,4.368,2.8200000000000003,7.086000000000005,3.1674241900951636,1.92,0.0,0.0,10.880000000000003,0.11933594671149914,0.2762043765044873,0.18429309405418126,1.2031829357147217,56.9819194874904,call_d147a02786d2,synthetic,train,vad
151.16,11.0,16.0,2.9145454545454523,1.9100897819753424,0.6553645540152458,0.2120931463350091,0.4657316750463085,0.0,0.0,1.0,0.060000000000002274,0.00039693040486902804,4.336363636363637,3.6400000000000006,5.94,1.74921942449806,4.44,1.0,0.09090909090909091,10.634,0.1759672312527219,0.3416831508576298,0.2547938480328969,0.7675312757492065,67.48543395377948,call_d17b2416d506,synthetic,train,vad
111.58,13.0,19.0,1.566153846153846,1.0442335316580538,0.6667502903514096,0.18246997669833304,0.4954292884029396,1.0,0.07692307692307693,0.0,0.76,0.006811256497580211,1.8300000000000007,1.130000000000006,3.2140000000000004,1.3652472303579302,2.0999999999999996,0.0,0.0,6.7266666666666675,0.24111897789474984,0.39769738332571763,0.3138272560166533,0.8979551196098328,39.6530845254271,call_d38f7d5159e7,human,train,vad
149.36,16.0,22.0,1.7062499999999967,1.571825670200103,0.9212165100073881,0.18277986073915337,0.6099357257632564,4.0,0.25,0.0,3.159999999999997,0.021156936261381876,2.0185714285714327,1.410000000000002,3.795999999999996,1.369201316424269,1.6199999999999992,0.0,0.0,7.697333333333337,0.21664708457161289,0.32631669717383016,0.274581611953394,0.9499351978302002,53.138702757314924,call_d3e854cbb77d,human,train,vad
136.78,13.0,16.0,2.033846153846156,1.517231986022006,0.7459915211152065,0.19330311449042276,0.5439391723936248,1.0,0.07692307692307693,1.0,0.5799999999999983,0.004240386021348138,3.387692307692307,2.539999999999999,5.072000000000001,1.8806306382788576,2.2600000000000016,1.0,0.07692307692307693,8.258333333333331,0.16808913500604192,0.3516897513176132,0.24795395578892918,0.7231335043907166,47.515052928026485,call_d437831f4543,synthetic,train,vad
144.4,9.0,20.0,6.179999999999999,8.187632950574502,1.3248597007402108,0.38518005540166195,0.48573407202216046,3.0,0.3333333333333333,1.0,2.5800000000000054,0.01786703601108037,2.0555555555555576,1.759999999999998,2.7240000000000055,1.268061610062216,1.5199999999999996,0.0,0.0,6.045000000000001,0.15111753384941393,0.3045717363403936,0.22457761094358247,0.7242629528045654,44.1407847874225,call_d4518fcb700a,synthetic,val,vad
142.46,16.0,17.0,1.7499999999999987,1.036460322443654,0.5922630413963741,0.1965463989891898,0.5110206373718938,2.0,0.125,0.0,1.0399999999999991,0.007300294819598477,4.208749999999998,3.2999999999999936,7.749999999999999,2.513373915178559,2.379999999999999,2.0,0.125,5.485333333333334,0.1605121293800539,0.33104389573593024,0.24128653440963777,0.9797524213790894,39.56470286857989,call_d557fa43925b,human,train,vad
151.52,48.0,18.0,1.0304166666666663,1.1790956250684494,1.144290133507594,0.3264255543822596,0.5517423442449841,31.0,0.6458333333333334,1.0,16.579999999999966,0.10942449841605045,6.294468085106386,4.460000000000008,13.93600000000001,5.217402471235451,1.58,14.0,0.2916666666666667,2.131914893617022,0.16089998397790478,0.2784328650709502,0.22002720819753382,1.585797905921936,57.143557148674574,call_d5d00276dd35,human,train,vad
169.3,18.0,21.0,1.9911111111111128,1.8287970815353203,0.9184806771103721,0.211695215593621,0.5671588895451861,3.0,0.16666666666666666,0.0,0.7800000000000002,0.004607206142941525,2.62111111111111,2.070000000000002,4.966000000000002,1.5019464737055528,3.0400000000000005,2.0,0.1111111111111111,6.3599999999999985,0.1564847297283061,0.2766670548929854,0.22742106906922985,0.9760730266571045,45.49576441016858,call_d60330be1b1f,human,val,vad
169.32,24.0,18.0,1.8291666666666675,1.566024469441295,0.8561409400134639,0.25927238365225624,0.5087408457358845,2.0,0.08333333333333333,1.0,1.6999999999999886,0.010040160642570215,3.999166666666665,2.509999999999991,8.133999999999997,2.796184776719083,2.08,2.0,0.08333333333333333,4.772173913043477,0.1901004283606252,0.3431744467533731,0.2646114465052797,0.9170743823051453,64.23260641778143,call_d72a7cb67eb0,human,train,vad
134.14,12.0,18.0,2.513333333333334,2.3971696273360017,0.9537810188339526,0.22483971969584027,0.5067839570597883,2.0,0.16666666666666666,1.0,1.3400000000000019,0.009989563142984955,1.8963636363636345,1.2399999999999949,2.5799999999999996,1.793276699874856,2.5799999999999996,1.0,0.08333333333333333,7.3163636363636355,0.15418397477603724,0.2587689873753919,0.20767937615294155,0.7891993522644043,39.44184638548122,call_d80d9f6f7884,human,train,vad
166.7,18.0,21.0,2.2533333333333365,1.7889910253796377,0.793930928422915,0.2433113377324539,0.4849430113977206,3.0,0.16666666666666666,2.0,2.740000000000016,0.016436712657468603,4.568888888888886,3.849999999999997,8.567999999999994,2.4536251839288483,4.1,0.0,0.0,6.681176470588233,0.1343300708322479,0.281064794320349,0.20731577558365408,0.7243173122406006,37.9388394999336,call_d88d3c23953c,synthetic,val,vad
172.26,14.0,18.0,3.761428571428568,4.0055779984967,1.064908696903795,0.3057006850110296,0.4745152676187163,2.0,0.14285714285714285,1.0,2.3600000000000065,0.01370022059677236,5.001428571428572,2.479999999999997,9.530000000000003,5.369397222278515,2.3599999999999994,0.0,0.0,6.2538461538461565,0.13688381858701962,0.2464381113089345,0.205901316359138,0.8571063280105591,37.523284655425535,call_d88d8e15e430,synthetic,train,vad
95.26,8.0,8.0,5.375,6.0357580302725875,1.122931726562342,0.45139617887885786,0.31429771152634906,0.0,0.0,1.0,0.37999999999999545,0.003989082511022417,5.4224999999999985,3.289999999999999,9.743999999999994,6.65876443118391,4.14,0.0,0.0,5.645714285714285,0.12266491151089659,0.2442203436002562,0.20220020281830275,0.8213582038879395,37.90101143885811,call_d89caa393417,synthetic,train,vad
160.6,27.0,17.0,1.0444444444444458,0.7449252178889588,0.7132262724468745,0.17559153175591558,0.42814445828144465,2.0,0.07407407407407407,2.0,1.5,0.009339975093399752,5.7651851851851825,4.619999999999997,9.788000000000004,3.0222169571486455,3.6799999999999997,1.0,0.037037037037037035,3.9161538461538448,0.1810161024131317,0.3308544319690222,0.25480664232209144,0.8791670203208923,36.50145883793434,call_d9b9c625f406,synthetic,train,vad
195.98,16.0,23.0,3.1962499999999987,2.31727446313552,0.7249978766165103,0.26094499438718227,0.545463822839065,4.0,0.25,0.0,2.119999999999976,0.010817430350035597,3.3625000000000043,1.310000000000004,7.300000000000011,3.128640879039971,1.2200000000000006,0.0,0.0,9.076,0.21789242995550506,0.3515749114495685,0.2898244799420349,0.8792189359664917,49.881000458747295,call_db5326bcb672,human,train,vad
160.32,16.0,20.0,2.05,1.5406978938130595,0.7515599482014925,0.20459081836327345,0.5860778443113774,5.0,0.3125,1.0,2.979999999999994,0.01858782435129737,3.4999999999999973,1.4399999999999977,9.627999999999993,3.6671078522454184,1.4400000000000004,1.0,0.0625,8.438666666666668,0.15803420770056756,0.32934887240226185,0.23311933656262118,1.0988773107528687,61.289019143042715,call_dc1a55102190,human,val,vad
162.94,14.0,18.0,2.5457142857142863,1.9722710415215468,0.7747417110353998,0.21873082116116366,0.5378666993985517,1.0,0.07142857142857142,0.0,0.5799999999999983,0.0035595924880323943,3.732857142857143,2.4599999999999937,7.706,2.2936509529301876,1.7599999999999998,0.0,0.0,7.04,0.1499864043590803,0.30069439731348685,0.22090508608082607,0.7846782207489014,34.706174209513335,call_dcdbcc7d70e4,synthetic,train,vad
147.24,34.0,19.0,1.2482352941176464,1.3824200234036201,1.107499547495832,0.28823689214887244,0.5171149144254278,9.0,0.2647058823529412,6.0,6.939999999999949,0.04713393099701133,3.4006060606060604,1.759999999999998,8.216000000000001,3.2803787100234922,0.9599999999999997,10.0,0.29411764705882354,3.1151515151515157,0.18779601538835441,0.3465465017350686,0.25999607417511933,1.2543346881866455,46.16607998386404,call_ddeabfdb99d4,human,train,vad
97.48,13.0,12.0,2.0353846153846167,1.647882629243755,0.8096173159549811,0.2714402954452197,0.4915880180549855,2.0,0.15384615384615385,2.0,1.63999999999999,0.01682396389002862,4.047692307692308,1.7800000000000011,11.336,4.2546592629477376,1.7600000000000007,1.0,0.07692307692307693,4.3549999999999995,0.1701678574993939,0.2976877075874525,0.22635693627340903,0.8028018474578857,46.05834375570553,call_ddf2da1910f1,human,train,vad
130.4,13.0,17.0,2.8461538461538485,2.6836987635080125,0.9429211871784902,0.28374233128834375,0.4691717791411043,1.0,0.07692307692307693,1.0,1.0200000000000102,0.00782208588957063,3.889230769230768,2.259999999999991,6.88,3.013381595326628,1.54,0.0,0.0,6.589999999999999,0.21437021927587965,0.32655756019279014,0.3016627310226663,0.6738881468772888,45.0334235233484,call_df3e278ab7fe,synthetic,train,vad
168.6,27.0,14.0,2.4096296296296305,1.317195341067334,0.5466380911284662,0.3858837485172006,0.38873072360616834,0.0,0.0,2.0,0.6199999999999974,0.0036773428232502814,10.820000000000002,8.939999999999998,24.176000000000016,9.072609163688089,2.0599999999999987,0.0,0.0,3.5499999999999994,0.12312693881655798,0.26632508232365565,0.19230880596693659,0.7021263241767883,38.1895604805004,call_df75973c8794,synthetic,train,vad
147.56,13.0,13.0,4.00153846153846,2.345358250980819,0.5861141342320387,0.35253456221198143,0.4287069666576306,0.0,0.0,1.0,0.35999999999999943,0.002439685551640007,7.721538461538464,6.099999999999994,13.724000000000002,4.603012134467945,3.4400000000000004,0.0,0.0,6.9766666666666675,0.1809995671717941,0.33776965759941713,0.2546980431028804,0.840255856513977,35.64982761389778,call_e0a8703be347,synthetic,train,vad
128.04,18.0,11.0,2.577777777777778,1.8321679797913841,0.7107548197466576,0.3623867541393315,0.4033114651671353,3.0,0.16666666666666666,0.0,2.3399999999999914,0.018275538894095528,5.683529411764707,6.38000000000001,11.032,4.767928322073337,1.4800000000000004,2.0,0.1111111111111111,4.435294117647059,0.16379039253957928,0.2743979716813934,0.22003943268191414,0.8423431515693665,49.69005570566319,call_e0c1f661d9ca,human,train,vad
169.72,16.0,19.0,2.1137500000000014,1.5795524484802645,0.74727496084223,0.19926938486919646,0.44732500589205754,0.0,0.0,1.0,0.5399999999999991,0.003181711053499877,4.6949999999999985,3.889999999999997,7.319999999999993,1.9446786366903914,4.58,0.0,0.0,6.845333333333333,0.16535933856264576,0.32041608725884213,0.24413587408713133,0.7652260661125183,30.661639916268403,call_e106a61086bb,synthetic,train,vad
149.92,21.0,22.0,1.9190476190476176,1.4502607475304798,0.7557189999538486,0.2688100320170756,0.5402881536819638,8.0,0.38095238095238093,1.0,8.57999999999998,0.05723052294557084,2.6290000000000022,1.6499999999999972,5.606000000000001,1.9093608878365549,1.7000000000000002,1.0,0.047619047619047616,5.361000000000001,0.21979476994372724,0.40371477486123286,0.2992552272458248,1.006131649017334,49.05471332632401,call_e118b75d4937,human,train,vad
108.38,25.0,3.0,1.5608000000000017,1.4770184020519168,0.9463213749691922,0.36002952574275743,0.24414098542166457,8.0,0.32,0.0,5.540000000000017,0.051116442147997945,16.530434782608694,15.739999999999995,29.159999999999993,10.429843251254866,4.240000000000001,8.0,0.32,2.459166666666665,0.13344873939827664,0.306159776683942,0.21244847470993042,0.840217649936676,57.56781041590578,call_e2200941723b,synthetic,train,vad
206.46,27.0,28.0,2.071851851851853,1.720803079178843,0.8305628018918256,0.2709483677225615,0.48677709968032534,4.0,0.14814814814814814,3.0,3.6800000000000095,0.017824275888792065,4.403846153846155,2.4300000000000015,8.770000000000003,4.693881514124429,1.7800000000000002,2.0,0.07407407407407407,5.666923076923076,0.12781888951099898,0.2559220830146387,0.19499198437689075,0.7823690176010132,48.013321059389504,call_e2d538297f0c,human,val,vad
117.94,18.0,14.0,2.376666666666665,2.9197888051478436,1.2285226389121369,0.362726810242496,0.36764456503306747,5.0,0.2777777777777778,4.0,3.579999999999977,0.03035441750042375,5.712222222222224,5.31,7.622000000000006,3.6536808769537177,5.1,1.0,0.05555555555555555,3.3776470588235314,0.09890591324341887,0.27395154470492994,0.18345301993467086,0.6601959466934204,25.98494447938643,call_e3064936e37a,synthetic,train,vad
141.46,10.0,15.0,3.2079999999999997,2.855649838478101,0.8901651616203556,0.22677788774211788,0.3726848579103631,1.0,0.1,0.0,1.2000000000000028,0.008482963381874754,3.9740000000000046,3.65000000000002,5.105999999999998,0.754350051368724,3.24,0.0,0.0,10.806666666666668,0.12913471039382676,0.2629758880656143,0.20749222931878977,0.8982616662979126,36.386846021133216,call_e3084824935d,synthetic,train,vad
148.18,12.0,16.0,3.226666666666668,1.9281482192911286,0.5975665968877463,0.26130381967876914,0.49183425563503824,1.0,0.08333333333333333,0.0,1.06,0.007153462005668782,2.072727272727272,1.4200000000000017,4.8799999999999955,1.452478076248819,1.38,0.0,0.0,9.274545454545454,0.17878073184676957,0.3165124235029424,0.23642923330141116,0.8882300853729248,56.57111653511872,call_e31bf946a8fa,human,train,vad
153.6,20.0,20.0,1.7099999999999984,1.4756490097580792,0.8629526372854273,0.2226562499999998,0.4242187500000002,1.0,0.05,1.0,0.8600000000000012,0.005598958333333341,5.3100000000000005,4.929999999999993,8.348,1.8985626141900116,4.6,1.0,0.05,5.565263157894738,0.14346173237503265,0.2828383453271758,0.22486870079331006,0.8355330228805542,39.81181792751068,call_e329faf2b6a1,synthetic,val,vad
124.52,13.0,14.0,1.8292307692307688,1.5653874503848844,0.8557626936502735,0.1909733376164471,0.5480244137487955,1.0,0.07692307692307693,0.0,0.3999999999999986,0.0032123353678123884,2.907692307692307,2.5600000000000023,4.103999999999999,1.4420399751535427,2.0600000000000005,1.0,0.07692307692307693,7.511666666666667,0.14380775557918235,0.27237609836558374,0.2258701890596793,0.9051352143287659,32.73498732722991,call_e3f555297277,synthetic,val,vad
118.48,13.0,16.0,2.613846153846154,1.79889512441361,0.6882176756143886,0.286799459824443,0.486326806212019,1.0,0.07692307692307693,0.0,1.04,0.008777852802160702,4.319999999999999,3.290000000000001,8.677999999999999,3.267822924619182,1.38,0.0,0.0,6.425,0.16382925953483551,0.313172474400703,0.22727065370345054,0.9292401671409607,60.03840214087727,call_e4d9c2e0947a,human,train,vad
124.92,14.0,17.0,1.8057142857142854,1.5580285816455643,0.8628322841391576,0.2023695164905539,0.5758885686839579,3.0,0.21428571428571427,1.0,2.279999999999999,0.018251681075888558,1.7938461538461543,1.3799999999999955,4.316000000000004,1.464773747094587,1.1400000000000001,2.0,0.14285714285714285,5.801538461538462,0.17601604171642385,0.2796578755839388,0.2337347170430716,0.9413620829582214,46.88871320796018,call_e58669998b76,human,val,vad
132.52,17.0,15.0,1.6741176470588235,1.7183954856151984,1.0264484629465345,0.21476003622094778,0.6214910956836702,8.0,0.47058823529411764,0.0,3.9800000000000013,0.030033202535466354,4.055,2.01,10.619999999999997,4.29667022239315,1.4000000000000012,3.0,0.17647058823529413,5.907500000000001,0.20893055242489736,0.38733356125565555,0.28647475800495137,1.2301052808761597,50.83845178232761,call_e618b7b1fa5b,human,train,vad
153.1,9.0,18.0,3.8244444444444445,2.1280304462687787,0.5564286466129869,0.22482037883736122,0.49888961463096027,0.0,0.0,0.0,0.0,0.0,3.9399999999999977,3.1000000000000014,5.508000000000002,1.8003456458259495,4.700000000000001,0.0,0.0,10.9775,0.10990931695187948,0.22655567952046593,0.16755495869599318,0.8946496248245239,40.31704501173016,call_e697765a4dfd,synthetic,train,vad
153.66,13.0,18.0,2.5138461538461545,2.1637771051905403,0.8607436464956247,0.21267733958089294,0.5440583105557725,1.0,0.07692307692307693,0.0,0.21999999999999886,0.0014317323961993938,3.7738461538461547,1.8599999999999994,8.312000000000006,4.606900407100935,1.8600000000000003,1.0,0.07692307692307693,8.416666666666666,0.1636220872497171,0.3021046593762107,0.23315160743457916,1.013441562652588,37.943066572736285,call_e69e8ba551e4,human,train,vad
118.54,10.0,15.0,2.3720000000000026,1.5300248363997233,0.6450357657671677,0.20010123165176333,0.5311287329171588,1.0,0.1,0.0,0.6400000000000077,0.0053990214273663545,2.8339999999999987,2.520000000000003,3.844,1.4769441424779748,2.1799999999999997,0.0,0.0,6.477777777777776,0.12366498032602585,0.29237859188515586,0.19243431793427693,1.160098910331726,47.102915406741744,call_e6c59d28e6d7,synthetic,train,vad
142.82,15.0,18.0,1.662666666666664,1.4077095660050853,0.8466577181265562,0.17462540260467696,0.6133594734631004,3.0,0.2,1.0,1.3799999999999883,0.009662512253185747,2.1266666666666687,1.259999999999998,4.036000000000001,2.1341873290682725,1.6600000000000001,3.0,0.2,7.115714285714287,0.16822260216973567,0.3259960699772713,0.23138792360402183,0.7373889684677124,41.670955218318944,call_e9bd33cdb226,human,val,vad
145.32,17.0,21.0,1.9082352941176486,1.8535061696976514,0.9713195093976587,0.22323148912744306,0.49421965317919075,3.0,0.17647058823529413,2.0,6.160000000000003,0.04238921001926784,1.9462500000000003,1.3800000000000008,3.3400000000000007,1.6373869235767093,3.22,1.0,0.058823529411764705,6.5649999999999995,0.16449914307206726,0.4244824162937414,0.2864922506341846,0.9291977286338806,58.67356235505106,call_eb1c9a5a2c08,human,train,vad
148.86,16.0,16.0,1.541249999999999,0.7015151014055226,0.4551598387059355,0.16565900846432877,0.4783017600429936,1.0,0.0625,0.0,0.29999999999999716,0.002015316404675515,4.67125,4.030000000000001,6.980000000000001,1.5859219518942294,3.200000000000001,0.0,0.0,7.492,0.1069692471703214,0.2640986660670586,0.1768818586525159,0.7038106322288513,46.17768593345306,call_ec545493459e,synthetic,train,vad
133.46,18.0,17.0,1.71111111111111,1.2857720935465997,0.7514252494752861,0.23078075827963418,0.5300464558669266,3.0,0.16666666666666666,0.0,2.219999999999997,0.01663419751236323,3.1137500000000014,1.4399999999999995,6.710000000000001,2.7326792599022682,1.38,2.0,0.1111111111111111,5.5611764705882365,0.2030752266601323,0.3434414753648889,0.2775062179829217,0.9706248641014099,40.368424954612536,call_ec58505fc522,human,train,vad
79.36,15.0,5.0,1.6986666666666665,1.723832422894471,1.0148150056286134,0.32106854838709675,0.1905241935483871,3.0,0.2,0.0,2.3999999999999995,0.03024193548387096,17.341333333333335,11.540000000000003,33.983999999999995,13.700124508761064,0.5800000000000001,4.0,0.26666666666666666,3.041428571428572,0.16110798455811934,0.31819054005543507,0.2269921491591136,0.7735173106193542,66.91309696344084,call_ed020e30c242,synthetic,train,vad
155.94,23.0,24.0,1.6999999999999986,1.2236083488209573,0.7197696169535048,0.2507374631268434,0.5080159035526486,5.0,0.21739130434782608,4.0,4.240000000000013,0.02718994485058364,3.341739130434783,1.559999999999988,7.3480000000000025,3.387870502342543,2.1000000000000014,4.0,0.17391304347826086,4.835454545454547,0.1623992665154659,0.3400510654826776,0.23407448958026858,0.8234875798225403,84.27916826395003,call_ed041799aed9,human,train,vad
159.46,12.0,22.0,2.7416666666666676,2.511247476631664,0.9159565264310018,0.2063213345039509,0.570048915088423,3.0,0.25,0.0,1.4799999999999862,0.009281324470086455,2.5049999999999994,2.1900000000000017,4.403999999999998,0.9751623796407787,2.1800000000000006,0.0,0.0,8.594545454545452,0.22209860258836572,0.3337673640906896,0.31060320783357454,0.7090435028076172,50.13328492626432,call_ed99e3ea3f0e,synthetic,train,vad
195.58,18.0,27.0,2.0411111111111153,1.8884028786513658,0.9251837728830842,0.18785151856018034,0.5090500051129973,2.0,0.1111111111111111,0.0,1.500000000000007,0.007669495858472273,2.826666666666663,2.0399999999999956,4.6359999999999815,2.3774309196647048,2.1799999999999997,2.0,0.1111111111111111,8.36588235294117,0.15265523840826067,0.31853760041931656,0.22697611453011168,0.9416131973266602,37.835978927864176,call_ee227bc9d7ac,human,train,vad
184.0,14.0,19.0,3.0685714285714263,2.4161919777760583,0.7873996203180829,0.23347826086956502,0.4281521739130434,1.0,0.07142857142857142,1.0,1.2400000000000038,0.0067391304347826295,4.9471428571428575,4.150000000000001,8.156000000000004,1.9222844615249872,4.24,0.0,0.0,9.872307692307695,0.14870641696824896,0.31373818591109887,0.22614492955996068,0.7027469873428345,41.901136301638026,call_eed2c7389776,synthetic,val,vad
127.34,15.0,17.0,1.7386666666666661,1.671557623562193,0.9614020074169057,0.2048060310978482,0.5775090309407883,2.0,0.13333333333333333,1.0,1.8200000000000056,0.014292445421705713,2.7346666666666666,1.9399999999999995,6.656,2.2498173753045423,1.0999999999999996,1.0,0.06666666666666667,6.070000000000001,0.18330220053384305,0.31528252170325405,0.24372322700637233,1.0056453943252563,77.99009966352813,call_f003741555a1,human,train,vad
127.94,15.0,19.0,2.148000000000001,1.6860177935004124,0.7849244848698378,0.25183679849929663,0.5244645927778648,4.0,0.26666666666666666,0.0,3.0999999999999943,0.024230107863060766,4.2013333333333325,2.200000000000003,9.323999999999996,4.203430133699011,1.7599999999999998,2.0,0.13333333333333333,5.532857142857141,0.1222101198911571,0.23115343532175966,0.19218731516828663,0.9064927101135254,42.44686606601038,call_f0ad1cf1aa6a,synthetic,train,vad
240.38,56.0,18.0,0.9203571428571424,0.7617882258347194,0.8277093645080386,0.2144105166819202,0.3257342540976788,14.0,0.25,0.0,7.399999999999983,0.03078459106414836,10.840357142857146,6.91,26.840000000000003,11.709633086280123,1.02,12.0,0.21428571428571427,3.325454545454546,0.1627459163426831,0.3177849118721248,0.2260412749725294,0.7327219247817993,64.5659920643551,call_f1372119b403,synthetic,train,vad
133.9,14.0,16.0,1.9914285714285722,1.661061868387882,0.834105672791619,0.20821508588498883,0.5677371172516804,3.0,0.21428571428571427,0.0,1.4999999999999991,0.011202389843166535,2.9133333333333318,1.409999999999997,6.606000000000004,2.424477034102178,1.5000000000000009,0.0,0.0,8.033846153846152,0.1532578977288108,0.24847303800129686,0.2058861307157219,0.971066415309906,47.42051351601204,call_f1b82a4a46f6,human,val,vad
145.74,27.0,19.0,1.5970370370370361,1.091729225738675,0.6835966858753303,0.2958693563880882,0.5338273637985455,7.0,0.25925925925925924,3.0,7.319999999999973,0.05022643062988865,2.8853846153846163,1.5199999999999996,7.18,3.398699107202898,0.14000000000000012,4.0,0.14814814814814814,3.607692307692308,0.17348980758684263,0.33730568341612716,0.2513814103279475,1.0483794212341309,49.149469128713115,call_f202d4ff9f96,human,train,vad
148.98,15.0,19.0,3.1173333333333297,2.796911312303071,0.897212781962064,0.3138676332393607,0.44099879178413215,1.0,0.06666666666666667,0.0,0.3599999999999852,0.0024164317358033646,4.105333333333333,2.219999999999999,9.159999999999998,3.0815015099064214,1.9399999999999995,0.0,0.0,5.198571428571431,0.14261772950056759,0.30213383471440675,0.21501530251154502,0.8044068813323975,41.17053590796027,call_f23bfe7d0e9e,synthetic,train,vad
86.82,20.0,16.0,1.1170000000000002,0.8752433947194346,0.7835661546279628,0.25731398295323665,0.42847270214236366,3.0,0.15,4.0,2.900000000000002,0.0334024418336789,4.721,4.470000000000001,9.787999999999998,3.1581986954591685,4.120000000000001,0.0,0.0,2.501052631578947,0.1705939651920294,0.3083784979795541,0.23073770786028405,0.9934521317481995,72.47664048147418,call_f27db4ab1f5a,synthetic,train,vad
115.84,12.0,21.0,2.6050000000000018,3.4043807562218023,1.3068640139047216,0.2698549723756908,0.5101864640883976,5.0,0.4166666666666667,0.0,3.6200000000000188,0.03125000000000016,4.12833333333333,2.009999999999998,8.394000000000004,3.8434746287990804,1.6399999999999988,1.0,0.08333333333333333,6.709090909090907,0.09579223956510018,0.2671791390119774,0.1745688583593405,0.6593772768974304,23.625679926311427,call_f2ab1c408b36,synthetic,train,vad
126.82,13.0,17.0,1.7015384615384614,1.2755562657061619,0.7496487999177263,0.17442043841665347,0.5423434789465386,1.0,0.07692307692307693,0.0,0.4800000000000002,0.003784891972874943,1.7700000000000007,1.2100000000000044,2.546000000000001,1.4017013471730224,1.5,1.0,0.07692307692307693,8.136666666666667,0.23604808534352362,0.38107775669701927,0.30331831792717595,0.9620493054389954,37.72919914240131,call_f331303c4fb8,human,train,vad
132.64,15.0,19.0,1.1546666666666638,0.6157690764852959,0.5332873064249112,0.13057901085645326,0.5440289505428229,0.0,0.0,1.0,0.21999999999999886,0.0016586248492159144,4.941333333333334,4.0,7.515999999999999,1.8351162239911547,2.92,0.0,0.0,7.418571428571431,0.10856682208375093,0.2716387132801323,0.18003732193384162,0.7455205917358398,34.7911393307642,call_f5251fb3b1d9,synthetic,train,vad
179.88,17.0,27.0,2.284705882352942,1.1800005864757224,0.5164781145748526,0.2159217255948411,0.5348009784300646,2.0,0.11764705882352941,5.0,5.780000000000008,0.03213253279964425,2.9329411764705875,2.4199999999999875,5.344000000000001,1.638764831514998,2.7600000000000007,1.0,0.058823529411764705,6.50625,0.11704525581485728,0.21933968980145044,0.1672664166282355,0.8718871474266052,42.32668796038211,call_f68d3459fdc7,synthetic,train,vad
158.64,17.0,20.0,2.168235294117648,2.0159021781067405,0.9297432725939927,0.23234997478567843,0.4853756933938477,4.0,0.23529411764705882,0.0,2.3400000000000034,0.014750378214826044,3.6517647058823552,2.780000000000001,5.816,2.3219774414826513,2.2,1.0,0.058823529411764705,5.5337499999999995,0.14283520511061742,0.3068804594139419,0.2186524728488678,0.6698487401008606,43.8098519338165,call_f6ce5de7ac09,synthetic,val,vad
104.38,14.0,9.0,2.375714285714287,2.0964075199721828,0.8824325099101185,0.31864341827936404,0.4372485150411955,0.0,0.0,2.0,0.5799999999999983,0.005556620042153653,4.502857142857143,3.869999999999994,8.214,2.7255285950525225,1.8400000000000007,0.0,0.0,4.675384615384614,0.12981767435527972,0.25992751275368337,0.20963344045846058,0.7950049042701721,31.413504411575317,call_f9fbabf70f7e,synthetic,val,vad
125.06,9.0,16.0,2.7977777777777777,2.2139646578418644,0.7913297029617467,0.20134335518950902,0.5464577003038541,1.0,0.1111111111111111,0.0,0.259999999999998,0.002079002079002063,2.17111111111111,1.480000000000004,3.1479999999999944,2.324843815277083,1.2599999999999998,1.0,0.1111111111111111,10.504999999999999,0.1633122024567766,0.3010572038129565,0.24635497879422996,0.7864828705787659,33.14672831885085,call_fa26d1186721,human,val,vad
209.6,25.0,27.0,2.151200000000001,1.6206574468406325,0.7533736736893973,0.256583969465649,0.5389312977099234,3.0,0.12,2.0,3.0400000000000063,0.01450381679389316,3.206400000000002,1.3600000000000136,7.372000000000006,3.3789831369807115,1.4800000000000004,0.0,0.0,5.047499999999999,0.16435700068529835,0.33867643871366315,0.23383688163264688,0.865566611289978,56.39590672058066,call_fa4d7f2897f4,human,train,vad
141.6,16.0,19.0,2.3812500000000005,1.9558306259745495,0.8213461946349813,0.26906779661016955,0.5031073446327683,0.0,0.0,4.0,1.5599999999999934,0.011016949152542326,4.500000000000001,3.170000000000002,8.56,3.1489283891508237,2.04,0.0,0.0,4.109333333333333,0.14241568860496212,0.2743762640967785,0.22553461146009585,0.8072306513786316,34.623592493553275,call_fa9e18dd83dd,synthetic,val,vad
177.6,22.0,23.0,1.3490909090909076,1.4192664849745114,1.0520169363018628,0.1671171171171169,0.6007882882882881,10.0,0.45454545454545453,0.0,4.4399999999999915,0.024999999999999953,3.845454545454547,1.8000000000000114,8.528,3.3947830661348135,2.22,1.0,0.045454545454545456,6.761904761904764,0.20622488938615674,0.33109278853247853,0.2638641454294286,1.0628619194030762,69.62425175686637,call_fb1405943fed,human,val,vad
193.36,15.0,38.0,2.154666666666665,1.6752387557864346,0.7774932344305859,0.16714935870914344,0.49803475382705786,1.0,0.06666666666666667,3.0,2.2399999999999807,0.011584609019445493,4.673333333333335,4.200000000000003,6.363999999999998,1.196699163904148,4.140000000000001,0.0,0.0,8.640000000000002,0.13587007285634223,0.2895166396587881,0.21120388021328823,0.6953229308128357,42.51369692187096,call_fc8bda4b3374,synthetic,val,vad
185.18,21.0,24.0,2.263809523809524,1.5920351640962014,0.7032549105178845,0.256723188249271,0.5269467545091262,5.0,0.23809523809523808,1.0,2.1999999999999997,0.01188033264931418,2.803,1.7700000000000022,5.757999999999999,2.19683658928014,1.92,1.0,0.047619047619047616,6.3389999999999995,0.1820406780916699,0.31042669366520703,0.2602459932802709,1.0281651020050049,43.48114061833049,call_fce92bad5095,human,train,vad
153.3,9.0,16.0,3.0511111111111116,2.8564953058072353,0.9362147761203611,0.17912589693411612,0.4662752772341809,1.0,0.1111111111111111,0.0,0.6800000000000068,0.00443574690150037,5.284444444444449,4.420000000000016,8.084000000000005,3.8371838953734803,2.5999999999999996,0.0,0.0,12.9025,0.1596742202494652,0.2596193922772704,0.21879817471405869,0.7480016350746155,31.33929833135911,call_fdc3a7dac09f,synthetic,train,vad
167.5,18.0,16.0,3.7833333333333345,3.2413868773858012,0.8567542407187138,0.4065671641791046,0.31594029850746264,2.0,0.1111111111111111,2.0,1.6000000000000139,0.009552238805970233,6.458888888888885,5.01,10.618,4.390239032835467,4.620000000000001,0.0,0.0,4.591764705882352,0.14051662833975193,0.24842650355730048,0.20848645368085514,0.7930721044540405,34.130144865192534,call_fdc44f969ade,synthetic,train,vad
142.42,13.0,17.0,3.643076923076921,3.16558266508197,0.8689310524929399,0.332537564948743,0.42227215278752983,2.0,0.15384615384615385,0.0,1.6599999999999824,0.011655666338997209,3.3507692307692305,1.8999999999999915,7.660000000000002,2.8547893941947966,2.8599999999999994,0.0,0.0,6.406666666666669,0.17890384824885147,0.3244189179713758,0.25284835622863017,0.7915383577346802,35.991016550304366,call_fe828697f60d,synthetic,train,vad
187.96,35.0,13.0,1.2245714285714278,1.205075795736265,0.984079627876092,0.22802723983826328,0.3309214726537562,10.0,0.2857142857142857,0.0,8.179999999999998,0.0435198978506065,10.396,6.47999999999999,25.992,9.909047871227875,0.6800000000000002,16.0,0.45714285714285713,4.116470588235295,0.1630992019449289,0.28869996108043966,0.22932134328181364,1.0717999935150146,59.112255186066506,call_fe8e4fc3ef69,synthetic,train,vad
211.72,19.0,18.0,5.003157894736841,4.214062988352938,0.8422806309562997,0.44898923105989036,0.35631966748535804,0.0,0.0,1.0,0.40000000000000036,0.0018892877385225787,6.084210526315789,2.2600000000000193,12.687999999999997,5.226356601314124,1.4799999999999995,0.0,0.0,5.930000000000001,0.179302193846219,0.338423976642783,0.2530438934754228,0.8342578411102295,38.292697692824966,call_feaca5a8cd14,synthetic,train,vad
76.3,12.0,14.0,1.6000000000000003,1.5616871218866681,0.9760544511791674,0.25163826998689387,0.4427260812581914,2.0,0.16666666666666666,2.0,1.8799999999999955,0.024639580602883297,2.8483333333333314,2.1199999999999974,5.5680000000000005,2.037571402975176,1.9200000000000008,0.0,0.0,3.5018181818181815,0.13608252831500317,0.25438532566354405,0.2070481956632017,0.8840481638908386,35.47497546266049,call_ff4042587962,synthetic,train,vad
160.2,25.0,22.0,2.3480000000000034,1.3786486136793512,0.5871586940712731,0.36641697877652984,0.44107365792759046,4.0,0.16,1.0,2.3400000000000034,0.014606741573033731,4.620000000000001,3.5600000000000023,9.928000000000003,4.474028162629287,0.6400000000000001,3.0,0.12,3.7883333333333304,0.17257990207107882,0.33050678819924684,0.2342302397651242,0.8794917464256287,55.36508438787653,call_fff8cae57de7,human,train,vad
